Edad;Genero;Vivienda;Ecivil;Ubicacion;Salario;Hijos;Historial;Catalogos;Monto
Adulta;Femenino;Propia;Soltero;Lejos;47500;0;Alto;6;755
Media;Masculino;Alquilada;Soltero;Cerca;63600;0;Alto;6;1318
Joven;Femenino;Alquilada;Soltero;Cerca;13500;0;Bajo;18;296
Media;Masculino;Propia;Casado;Cerca;85600;1;Alto;18;2436
Media;Femenino;Propia;Soltero;Cerca;68400;0;Alto;12;1304
NA;Masculino;Propia;Casado;Cerca;30400;0;Bajo;6;495
Media;Femenino;Alquilada;Soltero;Cerca;48100;0;Medio;12;782
Media;Masculino;NA;Soltero;Cerca;68400;0;Alto;18;1155
Media;Femenino;Propia;Casado;Cerca;51900;3;Bajo;6;158
NA;Masculino;Propia;Casado;Lejos;80700;0;NA;18;3034
Joven;Masculino;Alquilada;Casado;Cerca;43700;1;NA;12;927
Media;Masculino;Propia;Casado;Lejos;111800;3;Alto;18;2065
Media;Femenino;Propia;Casado;Cerca;44100;1;Medio;24;704
NA;Masculino;Propia;Casado;Cerca;111400;0;Alto;12;2136
Adulta;Femenino;NA;Casado;Lejos;110000;0;Alto;24;5564
Media;Femenino;Propia;Casado;Lejos;83100;1;NA;12;2766
Adulta;Femenino;Propia;Casado;Cerca;82800;0;Alto;24;3010
Media;Masculino;Propia;Casado;Cerca;90100;0;Alto;18;1956
Media;Masculino;Alquilada;Soltero;Cerca;38600;1;Bajo;18;542
Adulta;Femenino;Alquilada;Soltero;Lejos;14000;0;Bajo;12;410
Joven;Femenino;Alquilada;Soltero;Lejos;14300;2;Bajo;6;194
Joven;Masculino;Alquilada;Casado;Cerca;49800;0;Medio;12;827
Adulta;Femenino;Alquilada;Casado;Lejos;60200;0;Alto;18;2328
Joven;Masculino;Alquilada;Casado;Lejos;43500;1;Medio;12;808
Joven;Femenino;Alquilada;Casado;Cerca;41700;1;NA;6;521
Media;Femenino;Propia;Casado;Cerca;92300;3;Bajo;18;655
Media;Masculino;Propia;Soltero;Cerca;62800;3;NA;6;707
Media;Femenino;Alquilada;Casado;Lejos;72900;0;Alto;18;2075
Media;Femenino;Alquilada;Casado;Cerca;66900;2;Medio;12;769
Joven;Masculino;Alquilada;Soltero;Cerca;21700;1;NA;18;774
Adulta;Femenino;Alquilada;Casado;Cerca;39700;0;Medio;12;573
Media;Masculino;Alquilada;Casado;Lejos;72200;1;Alto;12;2082
Media;Femenino;Alquilada;Casado;Cerca;87700;3;NA;24;2446
Media;Masculino;Propia;Casado;Cerca;104100;0;Alto;24;2636
Media;Masculino;Alquilada;Soltero;Lejos;67700;0;Alto;12;2226
Media;Femenino;Propia;Soltero;Cerca;27000;2;Bajo;6;183
Media;Femenino;Propia;Soltero;Lejos;64100;2;Alto;24;1595
Media;Masculino;Alquilada;Soltero;Cerca;47000;1;Medio;12;584
Adulta;Femenino;Propia;Casado;Cerca;41600;0;NA;18;982
Adulta;Femenino;Alquilada;Soltero;Cerca;20100;0;Bajo;24;576
Media;Masculino;Propia;Soltero;Cerca;64000;3;Bajo;12;410
Media;Femenino;Propia;Casado;Lejos;96800;3;NA;24;3082
Media;Masculino;Alquilada;Casado;Cerca;76200;1;NA;24;2437
Adulta;Femenino;Alquilada;Casado;Lejos;81500;0;Alto;18;3655
Media;Femenino;Propia;Soltero;Cerca;49600;1;Medio;12;844
Adulta;Femenino;Propia;Casado;Cerca;111500;0;Alto;18;2510
Media;Masculino;Propia;Casado;Cerca;77700;0;NA;6;983
NA;Masculino;Propia;Casado;Cerca;58900;0;NA;18;1215
Media;Masculino;Propia;Casado;Cerca;126500;2;Alto;18;2000
Media;Femenino;Propia;Casado;Cerca;83300;1;Alto;24;2574
Media;Femenino;NA;Casado;Cerca;90500;1;Alto;6;1116
Media;Femenino;Propia;Casado;Lejos;87200;0;Alto;18;3604
Media;Femenino;Propia;Casado;Cerca;105300;1;NA;24;3360
Media;Femenino;Propia;Soltero;Lejos;56000;3;Medio;6;530
Media;Femenino;Alquilada;Soltero;Cerca;46600;0;Medio;24;906
Adulta;Masculino;Alquilada;Casado;Cerca;69800;0;Alto;24;2764
Media;Masculino;Propia;Soltero;Cerca;60300;0;Alto;24;1263
Joven;Masculino;Alquilada;Casado;Cerca;67800;0;Alto;12;1084
Media;Masculino;Alquilada;Soltero;Cerca;42300;0;Medio;24;1051
NA;Femenino;Propia;Casado;Lejos;33700;0;NA;6;614
Media;Masculino;Propia;Soltero;Cerca;62700;2;Medio;12;704
Joven;Femenino;Propia;Soltero;Cerca;25900;2;NA;12;449
Joven;Femenino;Propia;Soltero;Cerca;15600;1;Bajo;6;136
Adulta;Femenino;Propia;Soltero;Cerca;14600;0;Bajo;24;468
Adulta;Femenino;Propia;Casado;Cerca;62600;0;Alto;6;565
Joven;Masculino;Alquilada;Casado;Cerca;66700;0;NA;18;1310
Media;Masculino;Propia;Casado;Lejos;72500;0;NA;24;2595
Joven;Femenino;Alquilada;Soltero;Lejos;13200;0;NA;24;358
Media;Femenino;Propia;Soltero;Cerca;51300;0;Medio;24;1424
Media;Masculino;Propia;Soltero;Lejos;72300;0;Alto;24;4182
Joven;Femenino;Alquilada;Soltero;Cerca;15600;0;NA;12;468
Media;Femenino;Propia;Casado;Lejos;90400;1;Alto;18;2924
Media;Masculino;Propia;Soltero;Lejos;71500;0;NA;6;964
Joven;Masculino;Alquilada;Soltero;Cerca;14400;0;NA;24;615
Joven;Masculino;Alquilada;Soltero;Cerca;15000;3;Bajo;6;38
Media;Masculino;Propia;Soltero;Cerca;57600;1;NA;6;1006
Joven;Femenino;Alquilada;Casado;Cerca;60600;3;Bajo;12;307
Media;Masculino;Propia;Casado;Lejos;84300;2;Alto;18;1648
Joven;Femenino;Propia;Soltero;Cerca;24400;1;Bajo;6;220
Joven;Femenino;Alquilada;Soltero;Cerca;22100;2;Bajo;18;280
Media;Masculino;NA;Casado;Lejos;48800;2;NA;12;1647
Media;Femenino;Propia;Casado;Cerca;74700;1;Medio;6;704
Joven;Femenino;Alquilada;Soltero;Lejos;32400;1;Medio;24;920
Adulta;Femenino;Propia;Soltero;Cerca;11400;0;NA;6;258
Media;Masculino;Propia;Casado;Cerca;127000;0;NA;12;1821
Media;Masculino;NA;Soltero;Cerca;47200;0;Medio;18;1587
Media;Femenino;Propia;Soltero;Cerca;48700;2;Bajo;12;528
Joven;Masculino;Alquilada;Soltero;Lejos;20400;0;Medio;18;867
Media;Masculino;Alquilada;Soltero;Cerca;NA;0;NA;6;643
Joven;Femenino;Alquilada;Soltero;Cerca;12900;1;Bajo;6;107
Media;Femenino;Alquilada;Casado;Lejos;67300;1;Alto;18;1513
Adulta;Masculino;Propia;Casado;Cerca;134500;0;Alto;24;4558
Adulta;Masculino;Propia;Casado;Cerca;75500;0;Alto;6;741
Adulta;Femenino;Propia;Casado;Lejos;33600;2;Medio;12;805
Joven;Femenino;Alquilada;Soltero;Cerca;16300;1;NA;12;470
Joven;Masculino;Alquilada;Casado;Cerca;27400;1;Bajo;6;278
Media;Femenino;Propia;Casado;Cerca;110400;3;Bajo;24;1093
Joven;Femenino;Alquilada;Soltero;Lejos;21100;1;Bajo;6;470
Media;Masculino;Propia;Casado;Cerca;81200;0;Alto;24;1856
Media;Masculino;Alquilada;Casado;Lejos;87100;2;Alto;18;1688
Joven;Femenino;Alquilada;Soltero;Lejos;21700;3;NA;24;708
Media;Femenino;Alquilada;Soltero;Cerca;42200;0;NA;18;1753
Media;Masculino;NA;Soltero;Lejos;NA;0;Alto;24;3044
Media;Femenino;Propia;Soltero;Cerca;52700;2;Bajo;18;855
Joven;Masculino;Propia;Soltero;Cerca;20900;0;Bajo;24;550
Media;Masculino;Propia;Casado;Lejos;90700;3;Alto;24;2265
Adulta;Femenino;Propia;Casado;Lejos;91800;0;NA;24;2452
Joven;Femenino;Propia;Soltero;Lejos;27900;0;Medio;18;1184
Adulta;Femenino;Propia;Casado;Cerca;70700;0;Alto;24;2150
Media;Masculino;Propia;Casado;Cerca;79600;2;NA;6;1575
Media;Masculino;Alquilada;Casado;Cerca;NA;1;Alto;24;1822
Media;Femenino;Propia;Soltero;Cerca;46600;2;NA;18;1153
Adulta;Masculino;Propia;Casado;Cerca;106600;0;Alto;12;1877
Media;Femenino;NA;Casado;Cerca;104900;3;Bajo;6;450
Adulta;Masculino;Alquilada;Soltero;Cerca;56300;0;Medio;6;873
NA;Femenino;Alquilada;Soltero;Cerca;14800;1;Bajo;6;209
Adulta;Masculino;Propia;Casado;Cerca;58300;0;Medio;24;1472
Media;Masculino;Propia;Soltero;Lejos;70200;0;Alto;12;1702
Adulta;Masculino;Propia;Casado;Lejos;59700;0;Alto;18;1857
Joven;Masculino;Alquilada;Soltero;Cerca;25800;0;NA;6;451
Joven;Femenino;Alquilada;Soltero;Cerca;12000;0;Bajo;24;344
Media;Masculino;NA;Soltero;Lejos;51900;0;Alto;18;1492
Media;Femenino;Propia;Soltero;Lejos;66800;3;NA;24;2098
Media;Masculino;Propia;Casado;Cerca;105300;1;NA;18;3505
Joven;Femenino;Alquilada;Soltero;Lejos;13800;3;Bajo;6;127
Joven;Masculino;Alquilada;Soltero;Cerca;14800;3;NA;12;436
Media;Femenino;Propia;Casado;Lejos;44200;0;Alto;24;2524
Joven;Masculino;Alquilada;Soltero;Cerca;10400;0;NA;18;189
Media;Femenino;Propia;Soltero;Cerca;35200;0;Medio;12;607
Joven;Femenino;Alquilada;Soltero;Lejos;16100;0;NA;6;202
Media;Masculino;Propia;Casado;Cerca;113000;2;Medio;18;1554
Media;Masculino;Propia;Casado;Cerca;63300;2;NA;6;633
Joven;Masculino;Alquilada;Soltero;Cerca;19100;0;NA;6;176
Media;Femenino;Propia;Casado;Cerca;93400;2;NA;24;3079
Adulta;Femenino;Alquilada;Casado;Lejos;52500;0;Alto;24;2038
Media;Femenino;Alquilada;Casado;Lejos;45400;3;Medio;24;1203
Joven;Femenino;Propia;Soltero;Lejos;21400;3;NA;6;326
Media;Femenino;Propia;Soltero;Cerca;53700;3;Bajo;12;235
Joven;Femenino;Propia;Casado;Lejos;68000;0;Alto;24;3688
Joven;Masculino;Alquilada;Soltero;Cerca;17400;0;NA;12;332
Joven;Femenino;Alquilada;Soltero;Cerca;14600;1;Bajo;6;143
Adulta;Femenino;Propia;Casado;Lejos;100100;0;Alto;12;3104
Media;Masculino;Propia;Casado;Lejos;103700;1;Alto;24;2339
Joven;Femenino;Alquilada;Soltero;Lejos;10800;3;Bajo;6;123
Media;Femenino;Propia;Casado;Cerca;81700;3;Bajo;24;879
Adulta;Femenino;Alquilada;Soltero;Cerca;21400;0;Bajo;18;498
Adulta;Femenino;Propia;Casado;Cerca;114800;0;Alto;18;3596
Adulta;Femenino;Propia;Casado;Lejos;67900;0;Alto;24;2925
Media;Masculino;Propia;Casado;Cerca;53700;1;NA;12;1081
Joven;Femenino;Alquilada;Soltero;Lejos;11400;3;NA;12;312
Joven;Masculino;Alquilada;Casado;Cerca;34300;3;NA;12;1297
Joven;Femenino;Alquilada;Soltero;Cerca;16400;1;Bajo;12;218
Media;Femenino;Propia;Casado;Lejos;109800;0;Alto;18;4279
Media;Masculino;Propia;Soltero;Cerca;64200;0;Alto;18;1642
Joven;Masculino;Alquilada;Soltero;Cerca;17000;0;NA;18;581
Media;Femenino;Alquilada;Soltero;Cerca;NA;3;Bajo;6;223
Media;Femenino;Propia;Soltero;Cerca;49100;2;Bajo;6;474
Adulta;Femenino;Propia;Soltero;Lejos;42600;0;Alto;24;1790
Joven;Femenino;Alquilada;Soltero;Cerca;11900;1;Bajo;6;143
Media;Masculino;Propia;Casado;Lejos;113600;2;Alto;18;3237
Media;Masculino;Propia;Soltero;Cerca;52900;1;NA;24;2316
Joven;Femenino;Alquilada;Soltero;Cerca;14300;1;NA;18;458
Joven;Masculino;Alquilada;Soltero;Cerca;21000;0;Bajo;24;646
Media;Masculino;Propia;Soltero;Lejos;59600;2;Medio;18;1217
Media;Femenino;Alquilada;Soltero;Cerca;39700;3;Bajo;12;238
Adulta;Masculino;Propia;Casado;Cerca;51200;0;Medio;12;1293
Media;Femenino;Propia;Casado;Cerca;88200;0;NA;24;2749
Media;Masculino;Propia;Casado;Lejos;122100;0;Alto;12;2408
Adulta;Femenino;Alquilada;Casado;Cerca;84800;0;Alto;18;2624
Media;Masculino;Propia;Casado;Lejos;140000;0;Alto;12;4894
Adulta;Femenino;Propia;Soltero;Cerca;28500;0;Bajo;24;621
Media;Masculino;Alquilada;Soltero;Cerca;60300;0;Alto;6;701
Joven;Femenino;Alquilada;Casado;Lejos;51900;0;NA;6;780
Media;Masculino;Propia;Soltero;Cerca;60200;0;Medio;12;1365
Media;Masculino;Propia;Casado;Lejos;81200;0;Alto;12;2693
Adulta;Masculino;Propia;Casado;Cerca;73100;0;Alto;6;1582
Adulta;Masculino;Propia;Soltero;Cerca;45700;0;Medio;18;724
Adulta;Femenino;Alquilada;Soltero;Cerca;28900;0;Bajo;12;830
Joven;Femenino;Alquilada;Casado;Cerca;60100;0;NA;18;1594
Media;Femenino;Propia;Casado;Cerca;84800;1;NA;12;1826
Adulta;Femenino;Propia;Casado;Cerca;35000;0;Medio;6;473
Joven;Femenino;Alquilada;Casado;Cerca;61700;0;NA;12;1161
Adulta;Femenino;Alquilada;Casado;Cerca;46900;0;Medio;6;703
NA;Femenino;Propia;Casado;Cerca;123600;1;NA;12;1892
Joven;Masculino;Alquilada;Casado;Cerca;45800;0;Medio;6;489
Media;Masculino;Propia;Casado;Lejos;77800;1;Alto;18;1813
Media;Femenino;Propia;Soltero;Cerca;48700;1;NA;12;1457
Media;Femenino;Alquilada;Soltero;Lejos;39000;3;Bajo;6;292
Joven;Femenino;Alquilada;Casado;Cerca;40000;0;NA;6;613
Media;Femenino;Alquilada;Casado;Cerca;118300;1;NA;18;2681
Joven;Femenino;Propia;Soltero;Cerca;27100;2;Bajo;24;437
Media;Femenino;Alquilada;Casado;Cerca;91000;2;Medio;6;708
Media;Femenino;Propia;Casado;Cerca;35300;0;Medio;24;1093
Joven;Femenino;Alquilada;Soltero;Lejos;10200;2;Bajo;18;213
Joven;Femenino;Alquilada;Soltero;Cerca;12500;1;Bajo;6;202
Adulta;Femenino;Propia;Soltero;Cerca;64600;0;NA;6;1298
Media;Masculino;Propia;Casado;Lejos;113800;0;NA;12;3273
Media;Masculino;Propia;Casado;Lejos;113400;3;Alto;18;1790
Joven;Femenino;Alquilada;Soltero;Cerca;16900;1;Bajo;6;247
Joven;Femenino;Alquilada;Soltero;Cerca;13600;1;Bajo;6;183
Media;Masculino;Propia;Casado;Lejos;100100;1;Alto;24;3491
Adulta;Femenino;Propia;Casado;Lejos;80000;0;Alto;6;1985
Media;Masculino;Propia;Casado;Cerca;83900;0;Alto;24;1721
Media;Masculino;Propia;Casado;Cerca;77000;0;Alto;12;2104
Media;Femenino;Alquilada;Casado;Cerca;72900;3;Bajo;6;252
Joven;Masculino;Alquilada;Casado;Cerca;80700;3;Bajo;6;202
Joven;Femenino;Alquilada;Casado;Cerca;40900;1;Medio;18;962
Joven;Femenino;Alquilada;Soltero;Cerca;26700;1;NA;12;459
Media;Masculino;Propia;Casado;Cerca;54700;0;Medio;18;848
Adulta;Femenino;Alquilada;Casado;Cerca;23600;1;Bajo;6;161
Media;Masculino;Alquilada;Soltero;Lejos;56900;0;Alto;24;1857
Media;Masculino;Propia;Soltero;Lejos;68700;1;NA;24;1699
Joven;Femenino;Alquilada;Soltero;Cerca;19300;1;Bajo;24;308
Joven;Masculino;Alquilada;Casado;Lejos;20200;1;Bajo;24;500
Media;Femenino;Alquilada;Casado;Lejos;61500;3;Medio;24;1162
Media;Femenino;Propia;Casado;Lejos;101700;1;NA;24;2551
Media;Femenino;Alquilada;Casado;Lejos;120800;1;Alto;24;5830
Joven;Femenino;Alquilada;Soltero;Lejos;17300;1;Bajo;18;381
Joven;Femenino;Alquilada;Casado;Cerca;42300;0;NA;6;856
Media;Masculino;Alquilada;Soltero;Cerca;53300;0;Medio;18;1720
Media;Femenino;Alquilada;Soltero;Cerca;42800;0;Medio;12;759
Media;Masculino;Propia;Casado;Cerca;98400;0;Alto;18;3305
Media;Femenino;Propia;Soltero;Cerca;51200;0;Medio;18;1257
Adulta;Masculino;NA;Soltero;Cerca;62200;0;NA;12;1583
Media;Masculino;Propia;Casado;Cerca;109200;3;Bajo;24;1102
Joven;Femenino;Alquilada;Soltero;Cerca;11400;2;NA;6;186
Joven;Femenino;Alquilada;Soltero;Cerca;14000;0;Bajo;12;229
Adulta;Femenino;Alquilada;Casado;Cerca;97000;0;NA;24;2599
Joven;Femenino;Propia;Soltero;Lejos;29600;3;NA;12;774
Adulta;Masculino;Propia;Casado;Cerca;71200;1;Medio;12;638
Adulta;Femenino;NA;Soltero;Lejos;15000;0;Bajo;12;378
Media;Masculino;Alquilada;Casado;Lejos;64000;1;NA;6;1552
Adulta;Masculino;Propia;Casado;Lejos;33000;0;Medio;12;979
Adulta;Femenino;Propia;Casado;Cerca;74400;0;Alto;18;2479
Joven;Masculino;Alquilada;Soltero;Lejos;20300;2;Bajo;24;450
NA;Masculino;Alquilada;Casado;Cerca;68700;0;Alto;24;2763
Joven;Masculino;Alquilada;Casado;Lejos;53600;3;Medio;24;1560
Adulta;Femenino;Propia;Soltero;Cerca;33200;0;Medio;24;1037
Joven;Femenino;Propia;Casado;Lejos;70900;0;NA;6;690
Joven;Femenino;Alquilada;Soltero;Cerca;23200;3;NA;24;770
Joven;Masculino;Propia;Soltero;Cerca;41400;0;Medio;18;643
Joven;Femenino;Alquilada;Casado;Cerca;63200;0;Alto;24;1512
Adulta;Masculino;Propia;Casado;Cerca;107400;0;Alto;12;1485
Joven;Masculino;Alquilada;Soltero;Lejos;13900;0;NA;24;570
Media;Femenino;Alquilada;Casado;Cerca;79900;1;Medio;18;1165
Media;Masculino;Propia;Casado;Lejos;120000;3;Alto;18;1926
Adulta;Masculino;Alquilada;Casado;Lejos;66300;0;NA;18;2243
Media;Femenino;Propia;Soltero;Cerca;54400;3;Bajo;18;342
Media;Masculino;Propia;Casado;Cerca;84200;0;Alto;24;1654
Joven;Femenino;Alquilada;Casado;Cerca;13800;0;Bajo;18;363
Joven;Femenino;Alquilada;Soltero;Lejos;14500;1;Bajo;6;222
Joven;Masculino;Alquilada;Soltero;Cerca;21300;0;Bajo;24;677
Adulta;Masculino;Alquilada;Soltero;Cerca;29000;0;Bajo;6;482
Adulta;Femenino;Alquilada;Soltero;Cerca;14600;1;Bajo;24;385
Adulta;Masculino;Propia;Soltero;Cerca;65300;0;Alto;18;1443
Media;Femenino;Propia;Casado;Cerca;100800;1;Alto;24;1789
Joven;Femenino;Alquilada;Soltero;Lejos;19800;1;Bajo;24;991
Media;Masculino;Propia;Soltero;Cerca;56700;2;Bajo;18;536
Adulta;Masculino;Alquilada;Casado;Cerca;90200;0;Alto;18;2183
Joven;Masculino;Alquilada;Soltero;Cerca;26100;1;NA;6;494
Joven;Femenino;Alquilada;Soltero;Cerca;15900;0;Bajo;18;503
Joven;Femenino;Alquilada;Soltero;Cerca;12700;3;Bajo;12;87
Media;Masculino;Alquilada;Soltero;Cerca;43200;0;NA;24;917
Media;Femenino;Alquilada;Casado;Cerca;114100;1;NA;24;1976
NA;Masculino;Propia;Casado;Cerca;96100;3;Bajo;12;316
Media;Masculino;Propia;Casado;Cerca;97200;0;NA;12;1634
Media;Masculino;Propia;Casado;Lejos;82400;2;Alto;24;2035
Adulta;Masculino;Propia;Soltero;Lejos;62000;0;Alto;24;3293
Joven;Femenino;Alquilada;Soltero;Cerca;13400;1;Bajo;12;143
Media;Masculino;Propia;Casado;Cerca;108200;3;Bajo;12;635
Joven;Femenino;Propia;Casado;Cerca;76200;0;Alto;12;979
Media;Masculino;Alquilada;Casado;Cerca;81800;1;Alto;18;1838
Joven;Femenino;Alquilada;Soltero;Lejos;12000;0;Bajo;6;264
Media;Masculino;Propia;Casado;Cerca;76100;0;NA;6;719
Media;Masculino;Propia;Casado;Cerca;82100;1;Alto;18;1308
Adulta;Femenino;Propia;Casado;Cerca;103300;0;Alto;24;3378
Joven;Masculino;Alquilada;Soltero;Cerca;14200;1;NA;24;400
Media;Femenino;Propia;Soltero;Lejos;47500;0;Alto;6;847
Joven;Femenino;Alquilada;Soltero;Cerca;31300;1;Bajo;6;357
Joven;Femenino;Alquilada;Casado;Lejos;32700;1;NA;18;1276
Media;Masculino;Propia;Casado;Cerca;72200;0;Alto;24;2492
Media;Femenino;Propia;Casado;Cerca;107600;2;Medio;12;1512
Media;Masculino;Propia;Casado;Cerca;109900;2;Medio;12;870
Media;Femenino;Propia;Casado;Cerca;65400;2;Medio;24;938
Adulta;Femenino;Propia;Soltero;Cerca;43300;0;NA;12;1584
Adulta;Femenino;Propia;Soltero;Cerca;51900;0;Medio;12;1148
Media;Femenino;Propia;Casado;Lejos;80600;0;Alto;24;2840
Media;Femenino;Alquilada;Soltero;Cerca;42700;0;Medio;12;827
Joven;Masculino;Alquilada;Soltero;Lejos;19000;0;NA;12;428
Joven;Femenino;Alquilada;Soltero;Cerca;14500;1;Bajo;6;183
Media;Femenino;Propia;Casado;Cerca;68200;1;NA;6;818
Joven;Masculino;Alquilada;Casado;Cerca;36700;0;Medio;12;731
Adulta;Masculino;Propia;Casado;Lejos;54600;0;Alto;24;2163
Media;Masculino;Propia;Casado;Cerca;65900;1;Medio;12;1081
Joven;Masculino;Propia;Soltero;Lejos;39600;0;NA;12;1085
Joven;Masculino;Alquilada;Casado;Lejos;67300;3;NA;6;1212
Media;Masculino;Propia;Soltero;Cerca;59700;1;NA;18;1422
Media;Femenino;Propia;Casado;Lejos;102800;2;Alto;18;2238
Media;Femenino;Alquilada;Soltero;Cerca;34700;0;NA;18;1615
Media;Masculino;Propia;Soltero;Cerca;50600;3;NA;6;713
Media;Masculino;Alquilada;Casado;Cerca;106700;2;Medio;6;607
Media;Masculino;Alquilada;Soltero;Cerca;53900;1;Medio;6;735
Joven;Femenino;Alquilada;Casado;Cerca;25500;2;Bajo;6;139
Joven;Masculino;Alquilada;Casado;Lejos;46300;1;Medio;18;1357
Adulta;Masculino;NA;Casado;Cerca;55500;0;Medio;18;858
Joven;Femenino;Propia;Soltero;Cerca;27800;3;NA;12;408
Media;Masculino;Propia;Casado;Cerca;118600;1;NA;12;1553
Media;Femenino;Propia;Casado;Cerca;130700;3;NA;6;2070
Adulta;Masculino;Alquilada;Soltero;Cerca;42800;0;Medio;12;922
Media;Femenino;Propia;Casado;Lejos;118300;1;Alto;12;2502
Joven;Femenino;Alquilada;Soltero;Lejos;25600;2;NA;18;426
Media;Masculino;Alquilada;Casado;Cerca;63500;2;NA;24;2321
NA;Femenino;Propia;Soltero;Cerca;30900;0;Medio;18;862
Media;Masculino;Propia;Soltero;Cerca;55900;1;NA;24;2555
Media;Masculino;Propia;Soltero;Lejos;53900;0;NA;12;1186
Adulta;Masculino;Propia;Casado;Cerca;84300;0;Alto;24;2842
NA;Masculino;Propia;Soltero;Cerca;53400;1;Medio;12;886
Media;Masculino;Propia;Casado;Cerca;96900;1;Alto;12;1420
Media;Masculino;Alquilada;Soltero;Lejos;55800;1;NA;6;821
Joven;Femenino;Alquilada;Casado;Cerca;25900;1;Bajo;6;242
Joven;Femenino;Alquilada;Soltero;Cerca;22000;1;Bajo;12;472
Media;Femenino;Alquilada;Casado;Cerca;96700;2;Medio;12;1231
Media;Femenino;Alquilada;Soltero;Cerca;NA;1;NA;12;881
Adulta;Masculino;Propia;Casado;Cerca;26800;0;Bajo;12;435
Joven;Femenino;Alquilada;Soltero;Cerca;16700;2;Bajo;12;108
Joven;Femenino;Alquilada;Casado;Cerca;40900;2;Bajo;18;576
Joven;Masculino;Alquilada;Casado;Lejos;41500;3;NA;24;1314
Joven;Masculino;Alquilada;Soltero;Cerca;20900;0;NA;6;296
Joven;Femenino;Alquilada;Casado;Cerca;69700;2;Medio;6;584
Media;Masculino;Alquilada;Soltero;Cerca;61800;0;Alto;24;1156
Media;Masculino;Propia;Casado;Cerca;102500;1;Alto;24;2464
Media;Femenino;Propia;Casado;Cerca;48900;3;NA;18;915
Media;Masculino;Propia;Soltero;Cerca;60300;0;NA;24;2091
Joven;Masculino;Alquilada;Casado;Lejos;41600;0;Alto;24;1690
Media;Masculino;Propia;Soltero;Cerca;73700;1;Medio;12;1274
Joven;Femenino;Alquilada;Soltero;Cerca;27000;1;NA;24;1012
Media;Femenino;Alquilada;Soltero;Cerca;43700;0;Medio;12;950
Joven;Masculino;Alquilada;Soltero;Cerca;10200;2;NA;12;333
Media;Femenino;Propia;Casado;Cerca;63300;2;Medio;24;679
Joven;Femenino;Propia;Soltero;Lejos;33200;2;Medio;12;607
Adulta;Femenino;Propia;Casado;Lejos;78800;0;Alto;18;3398
Media;Masculino;Propia;Casado;Cerca;82500;0;Alto;6;859
Media;Masculino;Propia;Soltero;Lejos;80800;2;Alto;18;2444
Media;Masculino;Propia;Casado;Cerca;88100;2;Medio;24;1078
Media;Masculino;Alquilada;Casado;Lejos;124800;3;Alto;18;2537
Joven;Masculino;Propia;Soltero;Cerca;31900;0;Medio;6;616
Media;Femenino;Propia;Soltero;Cerca;53300;3;NA;6;508
Adulta;Masculino;Propia;Casado;Lejos;15400;0;Bajo;6;297
Media;Masculino;Propia;Casado;Cerca;70200;0;NA;6;1583
Joven;Femenino;Alquilada;Soltero;Cerca;23000;3;Bajo;6;79
Media;Femenino;Propia;Casado;Cerca;82400;2;Medio;18;657
Media;Femenino;Propia;Casado;Cerca;97900;0;Alto;24;2149
Adulta;Femenino;Alquilada;Casado;Lejos;88400;0;Alto;18;3632
Media;Femenino;Propia;Casado;Cerca;86900;0;Alto;18;2230
Media;Femenino;Propia;Soltero;Cerca;45100;1;Medio;12;448
Media;Masculino;Alquilada;Soltero;Cerca;41800;3;Bajo;24;301
Adulta;Masculino;Propia;Casado;Cerca;74800;0;Alto;18;1968
Media;Femenino;Alquilada;Casado;Cerca;73000;1;Medio;6;490
Media;Masculino;Propia;Casado;Cerca;118500;1;Alto;24;3063
Media;Masculino;Propia;Soltero;Cerca;65300;3;Bajo;6;193
Media;Femenino;Alquilada;Casado;Cerca;66300;2;Medio;12;544
Media;Masculino;Propia;Casado;Lejos;103900;1;Alto;24;2666
Media;Femenino;Propia;Casado;Cerca;71900;0;Alto;18;1846
Media;Masculino;Propia;Casado;Lejos;86100;1;NA;12;1255
Media;Masculino;Propia;Casado;Cerca;96300;1;Alto;12;1081
Joven;Femenino;Alquilada;Soltero;Cerca;10200;3;NA;6;199
Media;Masculino;Propia;Casado;Cerca;96300;2;NA;18;3916
Adulta;Femenino;Propia;Soltero;Lejos;24000;1;Bajo;6;357
Media;Femenino;Alquilada;Casado;Cerca;46700;0;Medio;24;983
Media;Femenino;Alquilada;Soltero;Cerca;53700;2;NA;12;1194
Media;Masculino;Alquilada;Casado;Cerca;108300;2;NA;12;2224
Joven;Femenino;Alquilada;Soltero;Cerca;12100;1;Bajo;6;90
Joven;Masculino;Alquilada;Casado;Cerca;36600;0;NA;6;587
Adulta;Masculino;Propia;Casado;Cerca;66300;0;Alto;12;1088
Joven;Femenino;Propia;Soltero;Cerca;33400;1;NA;6;617
Media;Masculino;Propia;Casado;Lejos;70000;1;NA;6;1227
Media;Femenino;Propia;Soltero;Cerca;47900;1;Medio;24;662
Media;Femenino;Alquilada;Casado;Cerca;40500;2;Bajo;18;622
Adulta;Masculino;NA;Soltero;Cerca;69100;0;Alto;12;1477
Joven;Femenino;Alquilada;Soltero;Cerca;13300;1;NA;6;236
Media;Femenino;Alquilada;Casado;Lejos;75800;1;Alto;12;1830
Media;Femenino;Alquilada;Casado;Cerca;48600;0;Medio;24;1583
Adulta;Femenino;Propia;Soltero;Cerca;39600;0;Medio;12;610
Joven;Femenino;Alquilada;Soltero;Cerca;11700;0;Bajo;12;193
Joven;Masculino;Alquilada;Casado;Cerca;52600;1;Medio;12;1052
Joven;Masculino;Alquilada;Soltero;Cerca;14600;3;NA;6;307
Adulta;Masculino;Propia;Casado;Cerca;123000;0;Alto;24;3671
Adulta;Femenino;Alquilada;Casado;Lejos;64600;0;Alto;18;2206
Media;Femenino;Propia;Soltero;Lejos;34600;2;Medio;18;748
Media;Masculino;Propia;Casado;Cerca;74500;0;Alto;6;1481
Adulta;Masculino;Propia;Casado;Cerca;56600;0;NA;24;1607
Adulta;Femenino;Alquilada;Soltero;Cerca;37000;1;NA;6;632
Joven;Femenino;Alquilada;Soltero;Lejos;18400;1;Bajo;6;303
Joven;Masculino;Alquilada;Soltero;Cerca;25000;0;Bajo;6;264
Media;Masculino;Propia;Casado;Lejos;61400;1;Alto;24;1575
Media;Masculino;Propia;Casado;Cerca;76400;2;Medio;18;881
Joven;Masculino;Propia;Casado;Cerca;55100;0;Medio;18;1439
Adulta;Femenino;Propia;Casado;Lejos;22800;0;NA;12;452
Adulta;Femenino;Propia;Casado;Cerca;10100;1;Bajo;6;93
Joven;Masculino;Alquilada;Soltero;Cerca;17800;0;Bajo;18;292
Media;Femenino;Propia;Casado;Cerca;59100;1;NA;6;1426
Joven;Femenino;Alquilada;Soltero;Lejos;19700;2;Bajo;6;330
NA;Masculino;Propia;Casado;Lejos;73800;0;Alto;24;3120
Media;Masculino;Propia;Casado;Lejos;113300;1;Alto;18;5151
Media;Masculino;Propia;Casado;Lejos;118400;2;NA;12;3941
Media;Masculino;Propia;Casado;Cerca;92300;1;NA;24;2141
Joven;Masculino;Alquilada;Soltero;Cerca;11200;0;NA;6;106
Joven;Femenino;Alquilada;Casado;Lejos;30100;0;Medio;12;530
Media;Femenino;Propia;Soltero;Cerca;43500;1;Medio;12;500
Media;Masculino;Propia;Casado;Cerca;97500;0;Alto;18;2837
NA;Masculino;Propia;Casado;Cerca;54600;0;Medio;24;1246
Media;Masculino;Alquilada;Soltero;Lejos;42500;1;NA;6;798
Media;Masculino;Propia;Soltero;Cerca;82800;0;NA;6;1544
Adulta;Masculino;Propia;Casado;Lejos;62300;0;Alto;24;2644
Joven;Masculino;Alquilada;Soltero;Lejos;21900;2;NA;6;192
Media;Femenino;Alquilada;Soltero;Lejos;35600;3;Bajo;18;865
Media;Masculino;Propia;Casado;Cerca;96900;0;Alto;6;1159
Joven;Femenino;Alquilada;Casado;Cerca;36900;1;NA;18;1480
Media;Femenino;Alquilada;Casado;Cerca;93500;1;Alto;18;1426
Media;Masculino;Propia;Casado;Cerca;97300;1;NA;12;3048
Joven;Masculino;Alquilada;Soltero;Cerca;21900;0;Bajo;12;276
Media;Masculino;Alquilada;Soltero;Cerca;63000;0;Alto;24;1910
Joven;Femenino;Alquilada;Soltero;Cerca;11500;3;NA;6;157
Media;Masculino;Propia;Soltero;Cerca;44600;2;Bajo;6;236
Joven;Femenino;Alquilada;Soltero;Cerca;21900;1;NA;12;576
Media;Masculino;Alquilada;Soltero;Lejos;45100;1;Medio;12;794
Adulta;Femenino;Propia;Casado;Cerca;74900;0;Alto;12;1474
Joven;Masculino;Alquilada;Soltero;Cerca;14200;0;Bajo;6;250
Joven;Femenino;Alquilada;Soltero;Lejos;23200;2;NA;24;788
Adulta;Masculino;Propia;Casado;Cerca;73300;0;NA;12;1694
Adulta;Masculino;Propia;Casado;Lejos;41300;0;Alto;24;1985
Adulta;Femenino;Propia;Soltero;Lejos;NA;0;Medio;24;1252
Adulta;Femenino;Propia;Soltero;Cerca;35200;0;NA;12;827
Joven;Femenino;Alquilada;Soltero;Cerca;13100;0;NA;18;314
Media;Masculino;Propia;Casado;Cerca;97400;1;Alto;6;880
Joven;Femenino;Alquilada;Soltero;Lejos;NA;2;Bajo;6;466
Media;Masculino;Propia;Soltero;Cerca;49200;3;Bajo;12;210
Media;Masculino;Propia;Soltero;Lejos;NA;1;NA;18;902
Media;Masculino;Propia;Casado;Cerca;87200;0;Alto;18;1274
Media;Masculino;Propia;Soltero;Cerca;49900;1;NA;24;1631
Media;Masculino;Propia;Casado;Cerca;66900;0;Alto;12;1220
Media;Femenino;Propia;Soltero;Cerca;47600;1;Medio;12;801
Media;Femenino;Propia;Soltero;Cerca;47900;0;NA;12;1090
NA;Masculino;Propia;Soltero;Cerca;59400;0;Medio;18;1699
Media;Femenino;Alquilada;Soltero;Cerca;32700;2;Bajo;6;273
Media;Masculino;Alquilada;Soltero;Cerca;34200;1;Bajo;18;523
Media;Masculino;Propia;Casado;Cerca;96600;0;NA;12;1437
Media;Femenino;Propia;Casado;Cerca;126300;1;Alto;6;1888
Joven;Masculino;Alquilada;Soltero;Cerca;31600;1;NA;12;476
Media;Femenino;Propia;Casado;Lejos;NA;3;Alto;18;2632
Media;Femenino;Alquilada;Soltero;Cerca;43300;3;Bajo;24;326
Adulta;Femenino;Alquilada;Soltero;Lejos;17900;0;Bajo;6;446
Media;Masculino;Propia;Soltero;Lejos;50100;1;Alto;18;1071
Adulta;Femenino;Propia;Casado;Cerca;74700;0;Alto;12;1699
Adulta;Masculino;Alquilada;Casado;Cerca;60000;0;Medio;6;966
Joven;Masculino;Propia;Soltero;Cerca;33400;0;NA;12;567
Media;Femenino;Alquilada;Casado;Cerca;68800;0;NA;6;1658
Media;Femenino;Alquilada;Soltero;Cerca;25700;2;Bajo;6;173
Media;Masculino;Propia;Casado;Cerca;83700;0;Alto;24;3344
Media;Masculino;Alquilada;Soltero;Cerca;50500;0;Medio;12;1029
Joven;Femenino;Alquilada;Soltero;Cerca;17300;0;Bajo;12;345
Media;Masculino;Propia;Soltero;Cerca;45800;0;NA;6;712
Adulta;Masculino;Propia;Casado;Cerca;108900;0;Alto;12;1841
Media;Femenino;Alquilada;Casado;Cerca;60500;2;Bajo;6;409
Adulta;Femenino;Propia;Casado;Lejos;84100;0;Alto;18;2710
NA;Masculino;Alquilada;Casado;Lejos;25100;0;Medio;12;592
Media;Masculino;Propia;Casado;Cerca;69900;1;NA;18;2101
Media;Masculino;Propia;Casado;Cerca;97100;0;NA;12;1473
Media;Femenino;Propia;Casado;Cerca;72200;2;Medio;18;715
Adulta;Femenino;Propia;Casado;Lejos;78900;0;Alto;18;2233
Media;Femenino;Propia;Soltero;Lejos;62500;3;NA;6;921
Joven;Femenino;Alquilada;Soltero;Cerca;17800;1;Bajo;6;216
Media;Femenino;Propia;Casado;Cerca;105500;1;Alto;6;1781
Media;Femenino;Propia;Soltero;Cerca;46100;2;Bajo;12;418
Joven;Masculino;Alquilada;Soltero;Cerca;27100;1;Bajo;12;268
Joven;Masculino;Alquilada;Casado;Lejos;60300;1;NA;6;1252
Joven;Femenino;Alquilada;Soltero;Cerca;12000;0;Bajo;6;140
Media;Femenino;Propia;Soltero;Cerca;NA;0;Medio;12;992
NA;Masculino;Alquilada;Soltero;Cerca;45600;0;Medio;18;1388
Media;Femenino;Propia;Soltero;Cerca;35200;2;Bajo;6;233
Media;Masculino;Alquilada;Soltero;Lejos;60200;0;Alto;24;2304
Media;Femenino;Alquilada;Casado;Lejos;53900;1;Alto;18;2177
Media;Masculino;Propia;Casado;Cerca;70400;2;NA;12;1127
Joven;Masculino;Alquilada;Casado;Cerca;36900;0;Medio;18;721
Adulta;Femenino;Propia;Soltero;Cerca;36100;0;Medio;12;438
Joven;Femenino;Alquilada;Soltero;Cerca;11000;2;NA;18;393
Media;Masculino;Propia;Soltero;Cerca;61600;0;NA;18;1666
Media;Masculino;Propia;Casado;Cerca;88700;1;NA;18;2448
Media;Femenino;Propia;Casado;Lejos;88600;1;Alto;18;2563
Media;Masculino;Alquilada;Casado;Cerca;79500;0;Alto;18;1763
Joven;Femenino;Alquilada;Soltero;Cerca;18900;1;Bajo;6;184
Adulta;Femenino;Propia;Soltero;Cerca;17300;0;Bajo;6;166
Media;Femenino;Alquilada;Casado;Cerca;81400;2;NA;6;1014
Joven;Masculino;Alquilada;Casado;Cerca;36500;0;Medio;24;1140
Media;Femenino;NA;Soltero;Cerca;43300;1;NA;18;1021
Media;Masculino;Propia;Casado;Cerca;76700;1;Medio;24;1431
Media;Masculino;Propia;Casado;Lejos;NA;1;Alto;24;5878
Media;Masculino;Propia;Soltero;Cerca;56300;3;Bajo;6;321
Media;Masculino;Propia;Casado;Cerca;70000;0;Alto;24;1974
Media;Masculino;Propia;Soltero;Cerca;NA;0;Medio;18;1640
Joven;Femenino;NA;Casado;Cerca;79400;0;NA;6;1175
Media;Femenino;Propia;Casado;Cerca;63700;3;Bajo;12;364
Joven;Masculino;Alquilada;Soltero;Cerca;21200;0;NA;12;417
Media;Masculino;Alquilada;Soltero;Cerca;53900;0;Medio;12;1060
Adulta;Femenino;Propia;Casado;Cerca;118800;0;Alto;18;2176
Media;Femenino;Propia;Casado;Cerca;79400;3;Bajo;6;200
Adulta;Femenino;Alquilada;Soltero;Lejos;20400;0;NA;24;513
Media;Masculino;Alquilada;Soltero;Cerca;52400;0;NA;18;857
Adulta;Femenino;Propia;Soltero;Cerca;17600;0;Bajo;6;224
Joven;Masculino;Alquilada;Soltero;Cerca;23500;0;Bajo;12;371
Joven;Masculino;Alquilada;Casado;Cerca;56900;2;Bajo;12;687
Media;Masculino;Propia;Casado;Cerca;95100;2;Medio;12;809
Media;Masculino;Propia;Casado;Cerca;NA;2;Medio;24;2090
Adulta;Masculino;Propia;Soltero;Cerca;58700;0;NA;24;1479
Media;Femenino;Propia;Casado;Cerca;76700;2;Medio;6;534
Media;Masculino;Propia;Casado;Cerca;67600;1;Medio;18;1172
Media;Masculino;Propia;Soltero;Cerca;61500;2;Medio;24;968
Adulta;Femenino;Propia;Casado;Cerca;72900;0;Alto;6;753
Adulta;Femenino;Alquilada;Soltero;Cerca;21200;0;Bajo;6;242
Adulta;Masculino;Alquilada;Soltero;Cerca;32400;1;Bajo;12;515
Media;Femenino;Propia;Casado;Cerca;62200;3;NA;24;2119
Adulta;Femenino;Propia;Soltero;Cerca;24400;0;Bajo;6;491
Media;Masculino;Propia;Casado;Cerca;66500;3;Bajo;12;286
Adulta;Femenino;Alquilada;Casado;Lejos;72200;0;Alto;24;3069
Joven;Femenino;Alquilada;Soltero;Cerca;16900;2;NA;6;281
Joven;Masculino;Alquilada;Casado;Cerca;56300;0;NA;24;1608
Adulta;Femenino;Propia;Soltero;Lejos;22000;0;Medio;12;736
Joven;Femenino;Alquilada;Soltero;Cerca;18800;2;Bajo;18;170
Joven;Femenino;Alquilada;Soltero;Cerca;26600;2;Bajo;24;245
Media;Femenino;NA;Casado;Cerca;72100;0;Alto;24;3052
Media;Masculino;Propia;Soltero;Lejos;55600;0;Alto;18;1786
Joven;Femenino;Alquilada;Soltero;Cerca;14600;3;Bajo;6;47
Adulta;Masculino;Propia;Casado;Cerca;45900;0;Medio;24;1645
Joven;Femenino;Propia;Soltero;Cerca;15100;0;Bajo;6;274
Media;Masculino;Propia;Casado;Cerca;140700;3;Medio;12;1001
Media;Masculino;Propia;Casado;Cerca;90300;0;Alto;24;1944
NA;Masculino;Propia;Casado;Cerca;95900;0;Alto;24;2585
Joven;Masculino;NA;Soltero;Lejos;20800;0;NA;6;260
Media;Masculino;Propia;Casado;Cerca;98400;0;Alto;12;1414
Joven;Femenino;Alquilada;Soltero;Cerca;15000;2;NA;12;341
Joven;Masculino;Alquilada;Soltero;Cerca;17700;1;Bajo;12;268
Media;Masculino;Propia;Casado;Cerca;102400;1;Alto;18;1237
Joven;Masculino;Alquilada;Soltero;Lejos;17800;1;NA;18;589
Joven;Masculino;Alquilada;Soltero;Lejos;13800;1;Bajo;12;368
NA;Femenino;Alquilada;Soltero;Cerca;50500;1;Medio;12;940
Media;Femenino;Alquilada;Soltero;Cerca;42000;3;Bajo;18;232
Media;Masculino;Propia;Casado;Cerca;95800;3;Bajo;12;678
Joven;Masculino;Alquilada;Soltero;Cerca;15200;0;NA;12;324
Joven;Masculino;Alquilada;Soltero;Cerca;15800;2;Bajo;12;147
Adulta;Masculino;Propia;Soltero;Cerca;51400;0;NA;6;694
Adulta;Femenino;Alquilada;Casado;Cerca;38200;0;Medio;6;526
Media;Femenino;Alquilada;Soltero;Cerca;39900;1;Bajo;12;586
Joven;Femenino;Propia;Soltero;Cerca;21600;2;NA;12;491
Adulta;Femenino;Propia;Casado;Cerca;65900;0;Alto;24;1436
Media;Femenino;Propia;Casado;Cerca;97500;1;Alto;12;1280
Media;Masculino;Alquilada;Casado;Lejos;63000;0;Alto;18;2107
Joven;Femenino;Propia;Soltero;Lejos;31900;0;NA;12;860
Media;Femenino;Alquilada;Soltero;Lejos;45500;1;NA;18;1624
Adulta;Femenino;Propia;Soltero;Cerca;12800;0;NA;12;230
Adulta;Femenino;Propia;Casado;Lejos;12600;2;Bajo;12;164
NA;Masculino;Alquilada;Soltero;Cerca;50700;3;Bajo;6;157
Joven;Femenino;Alquilada;Soltero;Cerca;17900;3;Bajo;6;62
Joven;Femenino;Alquilada;Soltero;Cerca;14400;1;Bajo;18;223
Adulta;Femenino;Propia;Soltero;Cerca;23800;0;Bajo;6;438
Media;Masculino;Propia;Casado;Cerca;84700;3;NA;24;2705
Media;Femenino;Alquilada;Soltero;Cerca;36900;1;Bajo;6;371
Adulta;Femenino;Propia;Soltero;Cerca;20600;0;Bajo;6;201
Joven;Masculino;Alquilada;Casado;Cerca;41500;0;NA;24;1213
Media;Masculino;Propia;Casado;Cerca;83100;2;Medio;6;586
Media;Masculino;Propia;Casado;Lejos;88700;2;Alto;24;2693
Adulta;Femenino;Propia;Casado;Cerca;54700;0;Medio;24;1404
Media;Masculino;Propia;Soltero;Cerca;68900;2;NA;18;2784
Joven;Femenino;Alquilada;Soltero;Cerca;22200;2;Bajo;18;275
Media;Femenino;Propia;Casado;Cerca;70900;1;Medio;12;794
Media;Masculino;Propia;Soltero;Cerca;NA;0;Medio;12;964
Media;Femenino;Propia;Casado;Cerca;80800;1;NA;18;1598
Media;Masculino;Propia;Casado;Lejos;100600;3;Alto;24;2838
Adulta;Femenino;Propia;Soltero;Cerca;NA;0;NA;6;619
Joven;Femenino;Alquilada;Casado;Cerca;71200;3;Bajo;12;392
Adulta;Femenino;NA;Casado;Cerca;61000;0;NA;18;1850
Adulta;Masculino;Propia;Soltero;Cerca;38700;0;NA;24;1506
Media;Masculino;Propia;Casado;Lejos;98900;0;NA;18;3126
Media;Masculino;Propia;Soltero;Cerca;64300;0;NA;6;1325
Media;Femenino;Propia;Casado;Cerca;75600;0;NA;12;1541
Joven;Femenino;Alquilada;Casado;Lejos;53700;0;Alto;24;2491
Media;Masculino;Propia;Soltero;Cerca;NA;0;Alto;18;1177
Adulta;Femenino;Propia;Casado;Cerca;89000;0;Alto;12;1487
Joven;Femenino;Alquilada;Soltero;Lejos;18200;2;Bajo;12;322
Joven;Femenino;Alquilada;Casado;Cerca;73600;1;Medio;6;647
Media;Femenino;Alquilada;Soltero;Lejos;45600;0;Alto;12;1322
Joven;Masculino;Propia;Casado;Cerca;73000;0;NA;6;1534
Joven;Masculino;Propia;Soltero;Cerca;29600;3;NA;12;583
Media;Masculino;Alquilada;Casado;Cerca;92900;1;NA;6;1705
Adulta;Femenino;Alquilada;Soltero;Lejos;13900;0;Bajo;6;191
Joven;Masculino;Alquilada;Casado;Cerca;64300;3;Bajo;6;239
Media;Masculino;Propia;Casado;Cerca;77100;2;Medio;6;568
Joven;Femenino;Propia;Soltero;Cerca;27500;3;NA;12;571
Adulta;Masculino;Alquilada;Casado;Cerca;81800;0;Alto;6;919
Adulta;Femenino;Alquilada;Casado;Cerca;41700;0;Medio;18;1398
Adulta;Femenino;Propia;Casado;Cerca;51000;0;Medio;12;1025
Media;Masculino;Alquilada;Soltero;Cerca;55900;1;Medio;12;909
Joven;Masculino;Alquilada;Soltero;Cerca;19800;2;Bajo;12;209
Joven;Masculino;Alquilada;Soltero;Cerca;17600;0;NA;6;245
Media;Masculino;Alquilada;Casado;Lejos;84100;1;Alto;24;2362
Media;Masculino;Propia;Casado;Cerca;85600;0;Alto;24;3380
Joven;Masculino;Alquilada;Soltero;Cerca;13400;0;Bajo;18;424
Joven;Femenino;Alquilada;Casado;Lejos;47200;1;Medio;12;1272
Media;Masculino;Propia;Casado;Cerca;96300;1;Alto;24;1909
Media;Masculino;Propia;Casado;Cerca;60500;3;Bajo;12;340
NA;Femenino;Propia;Soltero;Cerca;35800;1;NA;24;1355
Media;Masculino;Alquilada;Casado;Cerca;106100;3;Bajo;12;472
Joven;Masculino;Alquilada;Soltero;Cerca;18000;0;Bajo;12;303
Media;Masculino;Alquilada;Soltero;Lejos;50000;1;NA;6;1079
Adulta;Femenino;Propia;Soltero;Cerca;58200;0;Medio;18;981
Joven;Femenino;Alquilada;Soltero;Lejos;13500;2;Bajo;12;160
Media;Femenino;Propia;Casado;Cerca;59900;1;NA;6;613
Joven;Femenino;Alquilada;Soltero;Lejos;18400;1;Bajo;12;662
Media;Masculino;Alquilada;Casado;Cerca;62800;3;Bajo;6;177
Media;Masculino;Alquilada;Soltero;Cerca;70000;0;Alto;6;785
Joven;Femenino;Alquilada;Soltero;Lejos;13600;1;NA;18;349
Media;Femenino;Alquilada;Casado;Cerca;97400;3;Bajo;6;213
Adulta;Femenino;Propia;Casado;Lejos;37500;0;Medio;18;1578
Adulta;Femenino;Propia;Soltero;Cerca;22800;0;Bajo;6;258
Joven;Femenino;Alquilada;Soltero;Cerca;14200;0;NA;6;192
Joven;Masculino;Alquilada;Soltero;Cerca;18700;0;Bajo;12;289
Media;Masculino;NA;Casado;Cerca;107400;1;Alto;24;1821
Joven;Femenino;Alquilada;Soltero;Lejos;28900;0;Medio;24;905
Media;Masculino;Alquilada;Casado;Cerca;NA;2;Bajo;6;188
Media;Masculino;Alquilada;Soltero;Cerca;54200;0;NA;18;1405
Adulta;Masculino;Propia;Casado;Cerca;102700;0;NA;18;2381
Joven;Femenino;Alquilada;Soltero;Cerca;13300;1;Bajo;6;184
Media;Masculino;Propia;Soltero;Cerca;60200;3;NA;12;1364
Joven;Masculino;Alquilada;Soltero;Cerca;21400;0;NA;12;414
Joven;Femenino;Alquilada;Soltero;Cerca;21700;2;NA;6;387
Joven;Masculino;Alquilada;Soltero;Cerca;23200;1;Bajo;24;504
Media;Masculino;Propia;Casado;Cerca;NA;2;Medio;12;574
Media;Masculino;Alquilada;Soltero;Cerca;55600;0;Medio;6;984
Media;Masculino;Propia;Casado;Lejos;89500;0;Alto;24;5209
Joven;Femenino;Alquilada;Soltero;Lejos;12500;1;NA;12;422
Media;Masculino;Propia;Casado;Cerca;87000;0;Alto;24;1594
Media;Femenino;Alquilada;Soltero;Lejos;31200;3;NA;24;1087
Joven;Femenino;Alquilada;Soltero;Cerca;13700;1;NA;6;163
Media;Masculino;Propia;Soltero;Cerca;55500;3;Bajo;18;427
Media;Femenino;Alquilada;Soltero;Cerca;58600;1;Medio;6;624
Joven;Femenino;Propia;Casado;Lejos;55900;1;NA;6;788
Joven;Femenino;Alquilada;Soltero;Lejos;13700;2;NA;24;414
Adulta;Femenino;Propia;Casado;Lejos;81400;0;Alto;24;3001
NA;Femenino;Propia;Casado;Cerca;90500;0;Alto;6;863
Media;Femenino;Propia;Casado;Cerca;82200;1;NA;12;1517
Media;Masculino;Propia;Casado;Lejos;65400;3;NA;6;836
Media;Masculino;Propia;Soltero;Cerca;74400;0;Alto;12;1152
Joven;Masculino;Alquilada;Casado;Lejos;63300;3;NA;6;1408
Joven;Masculino;Alquilada;Casado;Lejos;51600;0;NA;12;1082
Joven;Masculino;Alquilada;Casado;Lejos;55000;0;NA;12;1162
Media;Femenino;Propia;Soltero;Cerca;43900;2;Bajo;6;358
Joven;Femenino;Propia;Soltero;Cerca;20300;1;Bajo;12;304
Joven;Femenino;Propia;Soltero;Lejos;16300;0;NA;12;360
Media;Masculino;Propia;Casado;Cerca;97600;2;Medio;12;1162
Adulta;Femenino;Alquilada;Soltero;Lejos;15100;0;Bajo;6;348
Joven;Femenino;Alquilada;Soltero;Cerca;12500;3;NA;12;206
Joven;Femenino;Alquilada;Soltero;Cerca;10600;2;Bajo;12;114
Media;Femenino;Propia;Soltero;Cerca;41300;1;NA;18;932
Joven;Femenino;Propia;Soltero;Cerca;27200;2;Bajo;18;446
Media;Masculino;Propia;Casado;Cerca;102400;1;NA;12;2466
Joven;Femenino;Propia;Soltero;Lejos;27900;1;NA;12;576
Adulta;Masculino;Alquilada;Casado;Lejos;23800;0;NA;12;428
Media;Masculino;Propia;Casado;Cerca;100000;1;Alto;24;2247
Media;Femenino;Alquilada;Casado;Lejos;43300;3;Medio;24;716
Media;Masculino;Propia;Casado;Cerca;65800;1;NA;12;1017
Media;Femenino;Propia;Casado;Cerca;49700;2;Bajo;18;613
Media;Femenino;Alquilada;Casado;Cerca;82300;2;Medio;12;580
Media;Masculino;Alquilada;Soltero;Cerca;41200;0;Medio;12;841
Joven;Masculino;Alquilada;Soltero;Cerca;29200;0;Bajo;18;737
Media;Femenino;Propia;Soltero;Cerca;51900;2;NA;12;1162
Media;Femenino;Propia;Casado;Cerca;85500;2;Medio;18;895
Joven;Femenino;Alquilada;Soltero;Lejos;12400;3;Bajo;18;205
NA;Femenino;Propia;Casado;Cerca;111900;1;NA;12;2340
Media;Femenino;Alquilada;Soltero;Cerca;40400;1;Bajo;24;630
Joven;Masculino;Alquilada;Soltero;Lejos;10900;0;Bajo;24;407
Media;Masculino;Propia;Casado;Cerca;82400;3;NA;18;2122
Joven;Femenino;Alquilada;Soltero;Cerca;13200;1;Bajo;12;227
Media;Masculino;Alquilada;Soltero;Cerca;57800;0;Medio;24;1149
Adulta;Femenino;Propia;Casado;Cerca;52200;1;Medio;12;669
Media;Masculino;Alquilada;Casado;Lejos;64600;2;NA;24;2935
Media;Femenino;Propia;Soltero;Cerca;43100;0;NA;24;1444
Adulta;Femenino;Propia;Casado;Lejos;40100;0;Medio;12;1384
Adulta;Masculino;Propia;Casado;Cerca;84500;0;NA;12;1557
Adulta;Masculino;Alquilada;Casado;Cerca;34500;0;Medio;12;802
Joven;Femenino;Alquilada;Casado;Cerca;61000;1;NA;18;1611
Adulta;Femenino;Propia;Casado;Lejos;79300;0;NA;12;2047
Media;Masculino;Alquilada;Soltero;Cerca;44500;0;Medio;24;1175
Joven;Masculino;Alquilada;Casado;Cerca;39700;0;Medio;18;1011
Adulta;Femenino;Propia;Soltero;Cerca;30300;0;Bajo;18;1062
Joven;Femenino;Alquilada;Soltero;Cerca;20100;1;Bajo;12;271
Adulta;Masculino;Propia;Casado;Lejos;86500;0;Alto;24;2690
Adulta;Femenino;Alquilada;Soltero;Cerca;42500;0;Medio;24;918
Media;Masculino;Propia;Casado;Cerca;102300;0;Alto;24;2438
Media;Femenino;Propia;Soltero;Lejos;52600;2;Medio;12;1307
Media;Femenino;Alquilada;Soltero;Lejos;37800;2;NA;12;1185
Joven;Femenino;Alquilada;Soltero;Cerca;20300;2;Bajo;12;180
Media;Masculino;NA;Casado;Cerca;71600;1;NA;12;1198
Joven;Masculino;Alquilada;Casado;Cerca;54500;1;Medio;18;1001
Media;Masculino;Alquilada;Soltero;Cerca;54700;0;Medio;24;1355
NA;Masculino;Alquilada;Soltero;Lejos;58600;2;NA;6;989
Media;Masculino;Alquilada;Soltero;Lejos;53800;0;Alto;12;1803
Media;Femenino;Propia;Casado;Cerca;131500;3;NA;6;2840
Media;Masculino;Alquilada;Soltero;Lejos;52200;0;Alto;24;1909
Joven;Masculino;Alquilada;Casado;Cerca;37200;1;Bajo;6;247
Joven;Masculino;Alquilada;Soltero;Lejos;22900;1;NA;12;814
Joven;Masculino;Alquilada;Casado;Cerca;55500;3;Bajo;12;216
Joven;Femenino;Alquilada;Soltero;Lejos;12800;1;NA;24;365
Joven;Femenino;Alquilada;Soltero;Cerca;17600;2;Bajo;18;163
Adulta;Femenino;Propia;Soltero;Lejos;28300;0;Medio;24;933
Adulta;Masculino;Propia;Soltero;Cerca;41900;0;Medio;6;654
Joven;Femenino;Alquilada;Soltero;Cerca;14100;3;NA;6;153
Media;Masculino;Alquilada;Soltero;Cerca;52100;0;NA;12;1668
Media;Masculino;NA;Soltero;Lejos;38700;1;Medio;18;1009
Media;Femenino;Alquilada;Soltero;Lejos;44100;1;Medio;18;1659
Media;Masculino;Propia;Casado;Lejos;79200;1;Alto;6;1905
Joven;Femenino;Alquilada;Soltero;Cerca;22600;3;NA;6;521
Media;Masculino;Alquilada;Soltero;Cerca;55100;2;NA;6;826
Adulta;Femenino;Propia;Casado;Lejos;NA;0;Alto;18;2610
Media;Masculino;Propia;Casado;Cerca;107300;2;Medio;24;1194
Media;Femenino;Alquilada;Casado;Cerca;66500;1;NA;24;1181
Joven;Masculino;Alquilada;Soltero;Cerca;10200;0;NA;24;362
Joven;Femenino;Propia;Soltero;Lejos;41000;1;Medio;12;768
Media;Femenino;Alquilada;Soltero;Cerca;NA;1;Bajo;12;381
Media;Masculino;Alquilada;Casado;Lejos;72200;3;Medio;18;1811
Media;Masculino;Alquilada;Soltero;Lejos;36700;1;Medio;24;1218
Adulta;Masculino;Propia;Casado;Lejos;74500;0;NA;18;1413
Media;Femenino;Propia;Soltero;Cerca;60200;1;NA;12;1748
NA;Masculino;Alquilada;Soltero;Cerca;34500;0;Medio;24;639
Adulta;Femenino;Propia;Casado;Cerca;83700;0;Alto;18;1582
Joven;Masculino;Alquilada;Soltero;Lejos;14800;1;NA;12;376
Media;Masculino;Propia;Casado;Cerca;106400;0;NA;12;1757
Joven;Femenino;Alquilada;Casado;Cerca;42000;3;Bajo;6;105
Media;Masculino;Alquilada;Casado;Cerca;118800;0;Alto;12;2631
Joven;Femenino;Propia;Soltero;Lejos;21900;2;Bajo;24;486
Media;Masculino;Alquilada;Soltero;Cerca;39500;1;NA;6;412
Media;Masculino;Alquilada;Soltero;Cerca;45900;0;Medio;12;716
Joven;Femenino;Alquilada;Casado;Cerca;37100;2;Bajo;24;653
NA;Femenino;Alquilada;Soltero;Cerca;NA;1;Bajo;6;224
Media;Masculino;Alquilada;Casado;Cerca;74600;2;Medio;18;705
Media;Masculino;Propia;Casado;Cerca;122700;1;NA;18;4984
Joven;Femenino;Alquilada;Soltero;Cerca;14200;2;Bajo;18;197
Media;Masculino;NA;Casado;Lejos;75500;0;NA;18;2450
Media;Masculino;Propia;Soltero;Cerca;62900;0;NA;24;2561
Joven;Masculino;Alquilada;Soltero;Lejos;19400;0;Bajo;6;563
Media;Femenino;Alquilada;Soltero;Cerca;46600;0;NA;12;546
Media;Masculino;Propia;Casado;Lejos;79700;1;Alto;24;3384
Media;Masculino;Propia;Soltero;Cerca;45900;2;Bajo;12;416
Adulta;Femenino;NA;Casado;Cerca;42800;0;Medio;6;685
Adulta;Masculino;Propia;Casado;Lejos;65500;0;Alto;24;1931
Adulta;Femenino;Alquilada;Soltero;Cerca;33600;0;Medio;12;573
Media;Femenino;Propia;Soltero;Lejos;55600;1;Alto;18;1553
Joven;Femenino;Alquilada;Soltero;Cerca;24000;2;NA;6;362
Joven;Masculino;Alquilada;Soltero;Lejos;25700;0;Medio;18;907
Adulta;Femenino;Propia;Casado;Cerca;21500;0;Bajo;18;445
Adulta;Femenino;Alquilada;Casado;Cerca;68600;0;Alto;18;1342
Joven;Femenino;Alquilada;Soltero;Lejos;23100;2;Bajo;12;457
Media;Femenino;Alquilada;Casado;Cerca;53300;0;Medio;24;1598
Adulta;Femenino;Propia;Casado;Cerca;112800;0;Alto;12;1861
Adulta;Masculino;Propia;Casado;Cerca;124900;0;Alto;18;4109
Media;Femenino;Propia;Soltero;Cerca;72200;0;NA;18;3278
Media;Masculino;Alquilada;Soltero;Cerca;35100;1;Bajo;6;421
Adulta;Femenino;Alquilada;Soltero;Cerca;14900;0;NA;12;275
Media;Masculino;Alquilada;Soltero;Cerca;72000;0;Alto;12;1475
Media;Masculino;Propia;Casado;Cerca;82400;0;Alto;18;1779
Joven;Masculino;Alquilada;Casado;Cerca;41600;3;NA;24;1634
Media;Femenino;Propia;Casado;Cerca;68500;2;NA;12;1500
Joven;Masculino;Propia;Casado;Cerca;62200;0;Alto;24;1348
Adulta;Femenino;Propia;Soltero;Cerca;35900;0;NA;12;962
Joven;Masculino;Alquilada;Soltero;Cerca;14100;0;Bajo;12;328
Joven;Femenino;Alquilada;Casado;Cerca;NA;1;NA;18;747
Media;Femenino;Propia;Casado;Cerca;86400;1;Alto;12;1713
Adulta;Femenino;Alquilada;Casado;Cerca;39500;0;Medio;12;1006
Adulta;Masculino;Propia;Casado;Cerca;85300;0;NA;12;2523
Adulta;Femenino;Propia;Casado;Cerca;110700;0;Alto;12;2458
Joven;Masculino;Alquilada;Soltero;Lejos;NA;0;Bajo;18;742
Joven;Femenino;Alquilada;Casado;Lejos;33200;1;NA;24;1639
Media;Femenino;Propia;Soltero;Cerca;53800;0;Medio;12;843
Adulta;Masculino;Alquilada;Soltero;Cerca;44400;0;Medio;18;886
Media;Femenino;Alquilada;Casado;Cerca;135700;1;Alto;24;2746
Joven;Femenino;Alquilada;Soltero;Lejos;20700;1;Bajo;12;550
Media;Masculino;Alquilada;Casado;Lejos;83500;2;Alto;24;2098
Media;Femenino;Alquilada;Casado;Cerca;84200;2;Medio;24;954
Media;Femenino;Alquilada;Casado;Cerca;79900;1;Medio;12;1041
Adulta;Femenino;Alquilada;Soltero;Lejos;19700;0;Bajo;6;535
Media;Femenino;Alquilada;Soltero;Cerca;35300;0;NA;18;1369
Adulta;Masculino;Propia;Casado;Lejos;52000;0;Alto;18;2545
Joven;Masculino;NA;Soltero;Cerca;21300;1;NA;12;329
Media;Masculino;Propia;Soltero;Cerca;63700;0;NA;6;1351
Adulta;Femenino;Propia;Casado;Cerca;25900;0;Bajo;18;582
Media;Masculino;Alquilada;Casado;Cerca;65800;2;Medio;18;578
Adulta;Femenino;Alquilada;Soltero;Cerca;11000;0;NA;24;195
Adulta;Femenino;Alquilada;Casado;Cerca;65900;0;Alto;12;777
Media;Femenino;Propia;Casado;Cerca;108100;1;Alto;12;1133
Media;Masculino;Propia;Casado;Cerca;107300;2;Medio;18;1566
Media;Femenino;Alquilada;Casado;Cerca;79500;0;Alto;12;1651
Media;Femenino;Alquilada;Casado;Cerca;95900;0;NA;24;3168
Media;Masculino;Alquilada;Soltero;Cerca;45200;1;Medio;18;699
Media;Masculino;Propia;Casado;Cerca;98500;0;Alto;18;2034
Adulta;Femenino;Propia;Casado;Cerca;96200;0;Alto;12;1457
Joven;Masculino;Alquilada;Soltero;Cerca;17900;0;NA;18;395
Media;Masculino;Propia;Casado;Cerca;42700;0;Medio;6;541
Media;Masculino;Propia;Soltero;Lejos;49700;0;Alto;24;2844
Media;Femenino;Alquilada;Soltero;Cerca;43000;3;Bajo;24;225
Joven;Femenino;Alquilada;Soltero;Cerca;15500;1;Bajo;6;210
Joven;Masculino;Alquilada;Soltero;Cerca;13000;3;Bajo;6;43
Media;Femenino;Alquilada;Soltero;Cerca;27200;3;Bajo;24;243
Adulta;Femenino;Propia;Casado;Cerca;26700;0;Bajo;24;1120
Adulta;Masculino;Propia;Soltero;Lejos;61000;0;Alto;6;975
Media;Femenino;Propia;Casado;Cerca;76600;3;NA;24;2904
NA;Masculino;Propia;Casado;Cerca;117500;2;Medio;12;927
Adulta;Masculino;Propia;Casado;Cerca;90600;0;Alto;24;3167
Joven;Femenino;Alquilada;Soltero;Lejos;12600;0;Bajo;6;241
Adulta;Femenino;Propia;Soltero;Cerca;12700;2;Bajo;6;65
Media;Femenino;Propia;Casado;Lejos;77600;3;Medio;12;858
Media;Femenino;Alquilada;Casado;Lejos;92400;1;NA;6;2191
Adulta;Femenino;Alquilada;Casado;Cerca;71800;0;Alto;24;1946
Media;Masculino;Propia;Casado;Lejos;95800;3;NA;12;2581
Joven;Femenino;Propia;Soltero;Cerca;32600;3;Bajo;12;172
Media;Masculino;Propia;Casado;Cerca;74500;2;Medio;12;824
Adulta;Femenino;Alquilada;Soltero;Cerca;29200;0;Bajo;12;556
Joven;Femenino;Alquilada;Soltero;Lejos;12900;1;Bajo;6;167
Media;Masculino;Alquilada;Casado;Cerca;117700;1;Alto;12;2104
Media;Femenino;Propia;Casado;Cerca;64100;1;Medio;18;1332
Media;Femenino;Alquilada;Soltero;Cerca;46500;1;Medio;24;829
Joven;Femenino;Alquilada;Soltero;Cerca;12400;1;NA;12;229
Media;Masculino;Propia;Casado;Lejos;130600;0;Alto;18;3442
Media;Masculino;Propia;Casado;Lejos;74400;0;Alto;6;1893
Adulta;Femenino;Propia;Soltero;Lejos;40600;2;Medio;6;690
Joven;Femenino;Alquilada;Casado;Cerca;54200;1;Medio;6;486
Media;Masculino;Propia;Soltero;Lejos;65400;1;Alto;12;2290
Media;Masculino;Alquilada;Soltero;Cerca;49100;0;NA;6;934
Joven;Femenino;Alquilada;Soltero;Cerca;10600;2;NA;24;517
Joven;Femenino;Alquilada;Casado;Cerca;76400;0;NA;12;2216
Media;Femenino;Alquilada;Casado;Cerca;93700;1;Alto;24;1521
Media;Masculino;Alquilada;Soltero;Lejos;49000;0;Alto;18;1523
Media;Femenino;Propia;Casado;Cerca;96500;1;Alto;18;1364
Media;Masculino;Propia;Soltero;Cerca;55600;0;NA;12;952
Media;Masculino;Propia;Casado;Cerca;NA;1;Alto;6;871
Media;Femenino;Propia;Casado;Cerca;79900;3;Bajo;12;295
Adulta;Femenino;Alquilada;Casado;Cerca;50500;0;Medio;12;642
Adulta;Femenino;Propia;Soltero;Lejos;16300;0;Bajo;6;317
Adulta;Femenino;Propia;Casado;Cerca;49200;0;Medio;12;1078
Media;Masculino;Propia;Soltero;Lejos;48100;2;Medio;18;961
Media;Masculino;Propia;Soltero;Lejos;NA;2;Alto;24;1241
Media;Femenino;Propia;Casado;Cerca;72600;1;NA;18;1999
Joven;Masculino;Alquilada;Soltero;Lejos;19500;0;NA;24;571
Joven;Femenino;Alquilada;Soltero;Cerca;17200;1;NA;12;329
Media;Masculino;Alquilada;Soltero;Lejos;51100;0;Alto;24;1984
Media;Masculino;Propia;Soltero;Cerca;76800;1;Medio;18;1061
Media;Masculino;Propia;Soltero;Lejos;60200;0;Alto;12;1955
Media;Masculino;Alquilada;Soltero;Cerca;59100;2;Bajo;18;580
Adulta;Femenino;Propia;Soltero;Cerca;32500;0;Medio;24;883
Media;Femenino;Alquilada;Soltero;Lejos;49500;2;Medio;12;1195
Media;Masculino;Propia;Casado;Cerca;109600;1;Alto;12;2318
Joven;Femenino;Alquilada;Casado;Cerca;47300;0;NA;6;640
Media;Masculino;Alquilada;Casado;Cerca;93000;1;Alto;24;2644
Joven;Femenino;Propia;Soltero;Lejos;32000;1;NA;24;1320
Joven;Femenino;Propia;Soltero;Cerca;44700;1;Medio;6;502
Adulta;Femenino;Propia;Casado;Cerca;69400;0;Alto;18;2419
Media;Masculino;Propia;Casado;Cerca;64300;2;Medio;6;661
Media;Masculino;Propia;Soltero;Lejos;75400;0;Alto;24;2723
Media;Masculino;Propia;Casado;Cerca;96100;0;Alto;6;1588
Adulta;Femenino;Propia;Casado;Cerca;118000;3;Bajo;12;581
Joven;Masculino;Alquilada;Casado;Cerca;69700;1;Medio;12;1432
Adulta;Masculino;Propia;Soltero;Cerca;59300;0;Medio;12;929
Media;Femenino;Alquilada;Casado;Cerca;88600;3;Bajo;6;212
Media;Masculino;Propia;Casado;Cerca;102600;0;Alto;18;2546
NA;Masculino;Alquilada;Soltero;Cerca;43700;0;NA;18;1344
Adulta;Femenino;Propia;Casado;Cerca;NA;0;NA;24;947
Media;Masculino;Alquilada;Casado;Lejos;70500;1;NA;24;2145
Media;Masculino;Propia;Casado;Cerca;54200;1;Medio;6;757
Media;Femenino;Propia;Soltero;Lejos;25300;1;NA;6;451
Adulta;Masculino;Propia;Casado;Cerca;116100;1;Alto;24;2975
Joven;Femenino;Alquilada;Soltero;Cerca;15900;0;NA;18;406
Media;Femenino;Propia;Soltero;Cerca;46600;3;Bajo;6;158
Joven;Masculino;Propia;Soltero;Cerca;23200;0;NA;24;534
Joven;Masculino;Alquilada;Soltero;Cerca;18200;0;Bajo;12;401
Media;Femenino;Propia;Casado;Cerca;NA;1;Alto;18;1753
Joven;Femenino;Alquilada;Soltero;Cerca;17000;0;Bajo;18;659
Media;Masculino;Propia;Casado;Cerca;83000;2;Medio;6;726
Joven;Femenino;Propia;Casado;Cerca;42400;1;NA;18;1166
Adulta;Masculino;Propia;Soltero;Cerca;40200;2;NA;18;1197
Joven;Femenino;Alquilada;Soltero;Lejos;17300;0;Bajo;6;411
Media;Femenino;Propia;Casado;Cerca;109800;1;Alto;24;2258
Media;Femenino;Propia;Soltero;Lejos;64400;3;Medio;24;1913
Joven;Femenino;Alquilada;Soltero;Lejos;27600;1;Medio;24;893
Joven;Femenino;Alquilada;Soltero;Cerca;25100;1;NA;6;421
Media;Femenino;Propia;Soltero;Cerca;46300;3;NA;6;1138
Adulta;Femenino;Propia;Casado;Lejos;74900;0;NA;12;1804
Media;Masculino;Propia;Soltero;Cerca;67900;0;Alto;18;1418
Media;Masculino;Alquilada;Casado;Cerca;88500;2;Medio;24;1104
Media;Masculino;Propia;Casado;Cerca;99200;3;NA;12;2796
Adulta;Femenino;Propia;Casado;Cerca;62800;0;Alto;18;1403
Adulta;Masculino;Propia;Casado;Lejos;76900;2;Alto;24;3230
Media;Masculino;Propia;Casado;Cerca;84100;3;NA;6;1352
Adulta;Femenino;Propia;Casado;Cerca;77600;0;Alto;18;2004
Joven;Femenino;Alquilada;Soltero;Cerca;19100;1;Bajo;18;403
Adulta;Femenino;Propia;Casado;Lejos;128700;0;Alto;24;3995
Joven;Femenino;Alquilada;Soltero;Lejos;14400;1;Bajo;6;390
Adulta;Masculino;Alquilada;Casado;Cerca;49600;0;Medio;6;770
Media;Femenino;Alquilada;Soltero;Cerca;47000;0;NA;6;963
Joven;Femenino;Alquilada;Casado;Cerca;36600;0;Medio;6;833
Media;Femenino;Propia;Soltero;Cerca;65800;1;Medio;12;869
Media;Masculino;Alquilada;Casado;Lejos;52800;2;Medio;12;926
Media;Masculino;Propia;Casado;Cerca;96500;0;Alto;24;3780
Media;Femenino;Alquilada;Casado;Cerca;63500;1;Medio;18;1023
Media;Masculino;Alquilada;Soltero;Cerca;60400;1;Medio;6;791
Media;Masculino;Propia;Casado;Cerca;102700;3;NA;12;1473
Media;Masculino;Propia;Casado;Cerca;100100;2;NA;6;1597
Media;Masculino;Alquilada;Soltero;Cerca;54400;0;Medio;6;1150
Media;Masculino;Alquilada;Casado;Cerca;105600;3;Bajo;6;304
Adulta;Femenino;Propia;Casado;Lejos;57900;0;Alto;12;1693
Joven;Masculino;NA;Soltero;Cerca;31500;3;Bajo;18;269
Media;Femenino;Alquilada;Casado;Lejos;60100;1;Alto;18;1430
Media;Masculino;Alquilada;Casado;Cerca;87400;2;NA;18;2729
Media;Masculino;Propia;Casado;Cerca;117900;0;Alto;6;1760
Media;Masculino;Propia;Soltero;Cerca;48800;1;Medio;24;1271
Media;Femenino;Propia;Casado;Cerca;67900;3;Bajo;12;356
Adulta;Masculino;Alquilada;Casado;Lejos;66200;0;NA;6;1024
Media;Masculino;Alquilada;Casado;Cerca;88000;2;Medio;6;524
Media;Masculino;Alquilada;Casado;Cerca;94200;1;Alto;18;1211
Joven;Femenino;Alquilada;Soltero;Cerca;29200;3;NA;6;636
Joven;Masculino;Alquilada;Soltero;Lejos;15300;0;Bajo;24;645
Joven;Masculino;Alquilada;Soltero;Lejos;17500;0;Bajo;18;472
Adulta;Masculino;Propia;Casado;Cerca;168800;0;Alto;6;1512
Media;Masculino;Alquilada;Soltero;Lejos;40200;0;Alto;18;1634
Joven;Masculino;Alquilada;Soltero;Cerca;28400;3;Bajo;18;182
Media;Masculino;Alquilada;Casado;Lejos;72200;3;Medio;18;1042
Media;Femenino;Propia;Soltero;Lejos;55200;0;Alto;18;1714
Media;Femenino;Alquilada;Soltero;Cerca;44600;0;Medio;18;966
Media;Masculino;Propia;Soltero;Cerca;58400;0;Medio;12;829
Media;Femenino;Propia;Soltero;Cerca;67800;1;Medio;6;680
Adulta;Femenino;Propia;Soltero;Cerca;25500;0;Bajo;18;636
Joven;Femenino;Alquilada;Soltero;Lejos;20000;3;Bajo;6;182
Media;Masculino;Alquilada;Soltero;Lejos;52600;1;NA;18;1773
Media;Masculino;NA;Casado;Lejos;97600;1;NA;12;2902
Adulta;Masculino;Propia;Casado;Cerca;23400;0;Bajo;6;348
Media;Femenino;Propia;Casado;Cerca;102500;3;Bajo;12;548
Media;Femenino;Propia;Casado;Lejos;52300;1;Alto;18;2034
Media;Masculino;Alquilada;Soltero;Lejos;65400;0;Alto;12;2296
Joven;Masculino;Alquilada;Soltero;Cerca;19600;0;Bajo;12;395
Adulta;Masculino;Propia;Casado;Lejos;37000;0;Medio;12;850
Joven;Femenino;Alquilada;Soltero;Lejos;13200;0;NA;18;512
Media;Masculino;Alquilada;Soltero;Cerca;63800;1;Medio;24;1622
Adulta;Femenino;Alquilada;Soltero;Lejos;22600;0;NA;12;865
Adulta;Femenino;Propia;Soltero;Cerca;37300;0;Medio;6;673
Joven;Masculino;NA;Soltero;Lejos;14900;1;NA;12;422
Media;Femenino;Propia;Soltero;Cerca;36700;1;NA;6;529
Media;Masculino;Propia;Soltero;Cerca;63200;0;Alto;24;1932
Adulta;Masculino;Propia;Casado;Cerca;77300;0;Alto;18;1853
Media;Masculino;Alquilada;Soltero;Cerca;43100;1;NA;12;1224
Media;Femenino;Alquilada;Soltero;Lejos;44800;1;Medio;6;666
Adulta;Femenino;Alquilada;Casado;Cerca;70900;0;Alto;24;1685
Media;Femenino;Alquilada;Soltero;Lejos;38200;0;Medio;24;1476
Joven;Femenino;Alquilada;Soltero;Lejos;18400;1;Bajo;6;319
Media;Femenino;Alquilada;Soltero;Cerca;40700;3;Bajo;18;232
Adulta;Masculino;Propia;Soltero;Cerca;71300;0;Alto;18;1543
Media;Femenino;Alquilada;Soltero;Cerca;36400;2;Bajo;18;506
Joven;Masculino;Alquilada;Soltero;Cerca;15400;0;Bajo;6;172
Media;Masculino;Propia;Soltero;Lejos;39100;1;Medio;12;1001
Media;Masculino;Alquilada;Soltero;Cerca;43800;0;Medio;12;606
Joven;Masculino;Alquilada;Soltero;Lejos;25300;0;Medio;12;591
Adulta;Masculino;Alquilada;Casado;Cerca;71800;0;Alto;12;1389
Media;Masculino;Propia;Soltero;Cerca;73200;0;Alto;24;2177
Media;Masculino;Propia;Casado;Lejos;79000;1;Alto;18;2279
Media;Femenino;Alquilada;Casado;Cerca;75200;1;NA;24;2702
Joven;Femenino;Alquilada;Soltero;Cerca;25300;3;NA;6;510
Adulta;Femenino;Propia;Casado;Cerca;NA;0;Medio;12;1047
Media;Masculino;Propia;Casado;Cerca;83600;2;Medio;6;538
Media;Femenino;Propia;Soltero;Lejos;56200;0;Alto;18;1546
Joven;Masculino;Alquilada;Casado;Cerca;45500;0;Medio;6;754
Media;Masculino;Propia;Casado;Cerca;99300;1;Alto;12;1504
Media;Masculino;Propia;Casado;Lejos;108000;3;Alto;24;1849
Media;Femenino;Propia;Casado;Lejos;84900;1;Alto;24;3072
Media;Masculino;Propia;Casado;Lejos;93000;3;Alto;6;1046
Media;Femenino;Propia;Casado;Cerca;82000;0;Alto;18;1800
Adulta;Femenino;Propia;Soltero;Cerca;33000;3;NA;6;700
Media;Femenino;Propia;Soltero;Cerca;36900;2;Bajo;24;514
Media;Femenino;Alquilada;Soltero;Cerca;33200;1;NA;6;320
NA;Masculino;Alquilada;Casado;Cerca;49300;0;NA;24;1692
Adulta;Masculino;Alquilada;Casado;Lejos;66200;0;Alto;24;2057
NA;Masculino;Propia;Casado;Lejos;96800;2;Alto;18;2299
Adulta;Masculino;Propia;Soltero;Cerca;63200;0;Alto;24;1507
NA;Masculino;Propia;Casado;Lejos;112900;0;Alto;24;6217
Media;Femenino;Alquilada;Soltero;Cerca;32100;2;Bajo;24;405
Media;Masculino;Propia;Casado;Lejos;102700;1;Alto;18;3785
Media;Masculino;Propia;Casado;Cerca;123800;2;NA;18;3537
Adulta;Femenino;Alquilada;Soltero;Lejos;11700;0;Bajo;18;540
Media;Masculino;Propia;Casado;Cerca;101700;1;NA;6;941
Media;Femenino;Propia;Casado;Lejos;99200;0;Alto;24;5503
Joven;Masculino;Alquilada;Soltero;Cerca;NA;0;NA;6;273
Joven;Femenino;Alquilada;Soltero;Cerca;19400;1;NA;18;384
Media;Masculino;Alquilada;Soltero;Lejos;40500;1;NA;18;1073
Adulta;Masculino;Propia;Soltero;Cerca;44800;0;Medio;24;1417
Media;Masculino;Propia;Casado;Cerca;79000;2;Medio;18;671
Joven;Masculino;Alquilada;Casado;Cerca;53600;1;Medio;24;973
