Plan_Internacional;Min_En_Dia;Min_Internacionales;Reclamos;Llamadas_Internacionales;Desafiliado
no;265.1;10;1;3;no
no;161.6;13.7;1;3;no
no;243.4;12.2;0;5;no
si;299.4;6.6;2;7;no
si;166.7;10.1;3;3;no
si;223.4;6.3;0;6;no
no;218.2;7.5;3;7;no
si;157;7.1;0;6;no
no;184.5;8.7;1;4;no
si;258.6;11.2;0;5;no
no;129.1;12.7;4;6;si
no;187.7;9.1;0;5;no
no;128.8;11.2;1;2;no
no;156.6;12.3;3;5;no
no;120.7;13.1;4;6;no
no;332.9;5.4;4;9;si
no;196.4;13.8;1;4;no
no;190.7;8.1;3;3;no
no;189.7;10;1;5;no
no;224.4;13;1;2;no
no;155.1;10.6;0;4;no
no;62.4;5.7;5;6;si
no;183;9.5;0;19;no
no;110.4;7.7;2;6;no
no;81.1;10.3;0;2;no
no;124.3;15.5;3;5;no
no;213;9.5;0;3;no
no;134.3;14.7;3;4;no
no;190;6.3;0;6;no
no;119.3;11.1;1;1;no
no;84.8;14.2;2;6;no
no;226.1;10.3;1;5;no
no;212;12.6;3;10;no
no;249.6;11.8;1;3;si
no;176.8;8.3;0;4;no
no;220;14.7;3;6;no
no;146.3;14.5;0;6;no
no;130.8;10;1;5;no
si;203.9;10.5;3;6;no
no;140.4;11.1;1;9;no
no;126.3;9.4;3;2;no
si;173.1;14.6;0;15;si
no;124.8;10;2;4;no
no;85.8;9.2;3;4;no
no;154;3.5;1;3;no
no;120.9;8.5;2;5;no
no;211.3;13.2;3;5;no
no;187;7.4;2;5;no
no;159.1;8.8;5;3;si
no;133.2;11;1;3;no
no;191.9;7.8;3;5;no
no;220.6;6.8;1;3;no
no;186.1;11.4;2;6;no
no;160.2;9.3;2;5;no
no;151;9.7;5;3;si
no;175.5;10.2;1;3;no
no;126.9;8;1;2;no
no;198.4;5.8;3;3;si
no;148.8;12.1;3;3;no
no;229.3;12;1;8;no
no;192.1;11.4;1;4;no
no;268.6;11.6;2;3;no
no;193.7;14.6;2;3;no
no;180.7;12.6;3;3;no
no;131.2;8.2;2;6;no
no;148.1;6.2;2;5;no
si;251.5;9.3;0;4;no
si;125.2;8.3;0;8;no
no;211.6;7.8;1;1;no
no;178.9;13.8;4;3;si
no;241.8;11.8;3;7;no
no;224.9;12.1;0;2;no
no;248.6;8;3;4;no
no;203.4;7.3;1;4;no
no;235.8;12;0;3;no
no;157.1;6.1;1;2;no
no;300.3;11.7;0;4;si
no;61.6;8.2;4;7;si
no;214.1;8.2;2;3;no
no;170.2;15;1;2;no
no;201.1;13.2;1;2;no
si;215.4;12.6;3;5;no
no;165.6;11;3;2;no
no;249.5;9.8;1;4;no
no;210.6;12.4;2;1;si
no;179.3;8.6;0;7;no
no;157.9;8;4;5;si
no;214.3;12;1;2;no
no;154.1;10.9;2;9;no
no;237.9;13.9;1;4;si
no;143.9;11.1;1;2;no
no;203.4;8.9;0;4;si
no;124.3;7.9;1;9;no
no;252.9;9.5;3;7;no
no;179.1;10.6;3;7;no
no;278.4;9.8;1;5;no
no;160.1;13;0;4;no
no;198.2;8.7;4;3;no
no;212.1;5.3;1;5;si
no;251.8;9.8;2;7;si
no;161.2;4.4;4;8;no
no;178.3;14.6;0;5;no
no;151.7;10.5;0;6;no
no;135;12.5;1;9;no
no;170.5;11.3;1;2;no
no;238.1;11.8;4;4;no
no;281.4;9;2;6;no
no;117.9;9.8;1;3;no
no;148.6;10.1;1;1;no
no;229.8;9.6;3;7;no
no;165;8.3;1;8;no
no;185;12.6;2;2;no
no;161;12.1;4;4;no
no;126.7;13.3;1;7;no
no;58.9;9.4;1;3;no
si;196.8;20;0;6;si
no;162.6;14.2;1;3;no
no;282.5;9.4;1;4;si
no;113.7;10;2;3;no
no;239.8;8.7;2;5;no
no;210.2;13.1;1;7;no
no;213.8;7.2;0;3;no
no;190.7;9.8;3;4;no
no;170.9;11.6;1;3;no
no;154.2;9.2;2;5;no
no;201.4;12;1;3;no
no;70.7;9.1;4;3;si
no;187.5;6.4;4;6;si
no;91.7;9.2;2;4;no
no;214.2;9.5;3;4;no
no;145.5;10.9;3;2;no
no;166.3;6.1;1;5;no
no;231;9.5;1;3;no
no;200.3;7.1;4;1;no
no;197;9.1;1;10;no
si;129.9;11.2;3;3;no
no;175.8;5.3;5;4;no
no;203.1;12;3;3;no
no;183.2;11.2;1;8;no
no;205;10.2;2;5;no
no;148.5;12.4;1;3;no
no;200.3;10.5;0;4;no
no;192.6;6.8;3;5;no
no;246.5;11.7;1;4;no
si;167.1;14.1;2;7;si
no;231.9;14.3;3;6;no
no;146.7;13.7;1;3;no
si;271.5;11.7;1;4;no
no;181.5;8.5;1;5;no
no;257.7;11.1;2;4;no
no;193.8;10.6;1;6;no
no;102.8;10.1;1;7;no
no;187.9;7.5;1;6;no
no;226;6.9;1;11;no
no;260.4;11.5;5;4;no
no;178.7;9.8;0;4;no
no;337.4;15.8;0;7;si
no;157.6;13.7;0;2;no
no;183.6;10.2;1;2;no
no;142.1;9.6;1;4;no
no;136.3;7.1;0;5;no
no;217.1;12;0;6;no
no;187.5;10.5;3;5;no
no;98.9;12.2;1;1;no
no;206.3;6.1;1;3;no
no;243.1;12.1;2;2;no
no;189.8;7.5;1;3;no
no;202;10.9;1;3;no
no;170.1;12.8;1;4;no
no;230.9;6.3;0;2;no
no;237.1;13.2;1;2;no
no;182.1;10.6;2;5;no
no;119.3;10.5;3;4;no
no;116.8;14.1;1;2;no
no;219.2;6.1;0;5;no
no;252.6;11.1;2;7;no
no;147.1;12.2;0;3;no
no;202.1;11.5;2;3;no
no;173.5;16.2;3;10;no
no;232.1;0;3;0;no
si;197.1;9.5;4;5;no
no;58.2;11.9;5;1;si
no;115.6;9.9;2;12;no
no;186.1;14.6;2;7;no
si;259.9;8.4;3;3;no
no;214.3;10.8;1;13;no
no;158.7;10.2;1;4;no
no;271.6;10.9;2;3;no
no;160.6;9;1;3;no
no;232.4;9.1;1;3;no
no;133.8;8.9;0;4;no
no;176.9;9.5;1;2;no
no;209.9;8.8;2;4;no
no;137.5;13.4;0;2;no
no;289.5;9.5;1;4;no
no;198.1;6.8;1;6;no
no;149.7;9.7;0;8;no
no;326.5;10.7;2;6;si
si;292.9;13.8;4;7;si
no;83;13;0;3;no
no;145.7;13.1;3;5;no
no;182.3;11.2;2;1;no
no;218;6.4;3;8;no
no;140.6;6.8;2;3;no
no;152.7;9.4;1;4;no
no;106.7;12.1;1;2;no
no;243.8;13.7;2;8;no
no;194.4;10.8;3;5;no
no;213.9;12.2;3;5;no
no;217.2;15.8;3;7;no
no;241.1;11.6;1;10;no
si;203.5;11.9;0;11;no
no;155.2;10.7;1;3;no
no;167.6;12.2;1;6;no
si;226.7;17.6;2;4;si
no;179.3;11.5;3;6;no
no;151.4;10.9;0;3;no
no;180;4.7;3;7;no
no;250.2;13;1;2;si
no;223;7.1;0;12;no
no;183.6;12.2;3;6;no
no;166;10.2;1;6;no
no;136.1;4.4;1;2;no
no;149.3;8.9;2;6;no
no;65.4;13.8;2;1;no
no;213.4;2.7;1;4;no
no;206.9;7.7;3;2;no
no;186.2;9.6;2;3;no
no;280.2;13.3;4;3;no
no;196.6;11.9;0;3;no
si;312;10.5;0;2;si
si;199;11;1;6;no
no;203.1;13.5;3;2;no
no;168.8;10.9;0;2;no
si;173.1;9;1;5;no
no;134.4;10.2;5;2;si
no;202.6;9;2;9;no
no;74.5;9.8;3;7;no
no;83.6;10.7;0;9;no
no;192.2;9.4;1;6;no
no;220.2;12.9;0;5;no
si;135.1;12.3;2;2;si
no;253.4;8.4;1;2;no
no;225;7.1;3;2;no
no;198.5;9.4;0;3;si
no;110.3;9.5;0;5;no
no;60;11.1;0;3;no
no;214.8;10.2;0;5;no
no;181.8;9.2;4;2;no
no;154;11.8;2;4;no
no;157.4;13.9;4;11;si
no;207.9;14.4;4;7;no
no;207;9.1;3;8;no
no;119;9.5;0;3;no
si;143.7;10.9;0;3;no
no;165.9;14.1;4;8;no
no;138.6;9.8;1;3;no
no;84.7;14.5;1;8;no
si;62.6;10.4;1;2;si
no;155.2;8.7;1;4;no
no;164.9;6.7;1;9;no
no;134.5;15.4;1;1;no
no;143.3;11.5;1;3;no
no;168.3;12.5;1;1;no
no;262.4;8.3;2;6;no
no;206.2;11.4;1;6;no
no;225.8;8.4;4;9;no
no;138.3;13.5;3;6;no
no;94.4;4.5;0;4;no
si;160;9.9;2;3;no
no;206.6;14.6;0;3;no
no;134.7;7.7;1;3;no
no;214.4;8;3;13;no
no;192.8;13;3;3;no
no;151.1;10;1;3;no
no;221.4;9.8;3;5;no
si;218.9;11.1;0;4;no
no;189.8;6.5;2;2;si
no;192.7;10.9;2;6;no
si;204.4;10.5;3;6;no
no;172.3;13;2;4;no
no;198.4;10.4;2;6;no
no;211.7;12.2;1;1;no
no;221.6;9;1;2;no
no;197.9;6.7;3;5;no
no;147.5;15.6;2;3;no
no;206.4;8.8;2;5;no
no;205.9;14.5;2;4;no
no;207.6;14.1;0;5;no
no;303.9;5.3;1;3;si
no;230.6;8;0;2;no
no;99.5;9.7;0;3;no
no;177.1;5.9;1;4;no
no;172.7;10.3;5;5;si
no;172.7;9.8;1;3;no
no;204.2;9.5;1;5;no
no;85.7;10.1;2;5;no
no;157.6;11.9;0;1;no
no;215.5;6.6;4;9;no
no;181.5;6.6;1;5;no
no;171.7;11.9;2;4;no
no;266.6;5.9;1;2;si
no;170.4;11.2;0;3;si
no;158;9.1;1;4;no
no;92;10.3;1;10;no
no;234;9.1;2;5;no
no;272.1;8.5;1;10;si
no;296.4;11.4;4;3;si
no;194.4;11.4;0;2;no
no;227.2;8.9;3;4;no
no;248.7;13.2;1;2;si
no;236.3;9.7;1;6;no
no;205.6;10.9;0;3;no
no;94.1;9.8;0;4;no
no;125.2;18.9;0;2;no
no;60.4;12.4;1;3;no
no;121;7.7;2;4;no
no;117.8;7.6;3;3;no
no;232.4;5;3;5;no
si;223.5;9.4;2;2;si
no;176.3;6.2;0;3;no
no;125.2;12.9;1;3;no
no;138.7;10;0;3;no
no;86.3;11.3;1;4;no
no;207;13.4;3;5;no
no;58.8;7.1;0;3;no
no;68.7;11.4;1;4;no
no;239.2;9.5;1;4;no
no;198.3;12.5;0;3;no
no;205.2;14.4;0;12;no
no;192.1;7.9;3;2;no
no;272.6;9.5;1;2;si
no;128.3;12.2;7;5;si
no;169.6;9.3;0;4;no
no;201.3;7.5;1;4;no
no;214.7;8.6;1;4;no
no;169.2;10.6;0;2;no
no;194.1;7;2;7;no
no;233.8;7.6;2;3;no
no;225.1;14.6;0;2;no
no;213;9.1;1;1;si
no;183.9;10.8;1;11;no
no;221.8;14;0;7;no
no;64.6;0;2;0;no
no;154.6;13.3;1;3;no
no;260.2;7.2;3;8;no
no;161.6;12.2;1;5;no
no;220.6;10.5;1;11;no
no;155.9;13.1;3;5;no
no;107;12.8;4;3;si
no;182.5;11.3;4;8;no
si;220.1;10.1;4;4;no
no;152.2;5.3;1;3;no
no;181.5;14.7;2;9;no
si;236.2;13.2;2;2;si
no;166.1;12.7;1;2;no
si;244.6;11.3;1;4;no
no;134.2;8.5;2;2;no
si;149.7;9.2;1;4;no
no;150.1;5.8;1;4;no
si;257.1;8.8;1;6;si
no;124.4;11.3;0;6;no
no;141.7;12;1;5;no
no;230;11.3;2;3;no
no;162.3;10.9;0;2;no
no;350.8;10.1;1;9;si
no;193.3;9.1;4;3;no
no;78.2;18;1;3;no
no;83.4;7.6;1;5;no
no;195.6;16;0;2;no
no;201.8;10.3;1;6;no
no;197;10.6;2;6;no
si;218;12.4;0;1;si
no;164.8;14.8;2;2;no
no;179.2;9.2;2;6;no
no;214;10.6;0;5;no
no;170.5;11.2;2;7;no
no;205.7;6.7;1;18;no
si;165.5;11.5;1;2;si
no;221;6.8;2;4;no
no;242.1;14.7;3;2;no
no;151.6;14.7;1;4;no
si;176.2;5.7;0;4;no
si;196;3.7;1;5;no
no;159.5;7.2;2;4;no
no;230.2;10.7;4;7;no
no;146.7;8.9;3;1;no
no;210.5;8.5;1;5;no
no;102;10.7;1;3;no
no;126;10.2;3;6;no
no;168.4;11.1;1;2;no
no;105.6;8.7;0;3;no
no;206.5;12.4;5;5;no
no;217.1;9.4;2;3;no
no;229.6;10.8;0;2;si
no;278.3;9.7;0;5;no
no;138.6;7.8;0;4;no
no;234.4;2;1;2;si
no;181.5;8.5;1;4;no
no;167.3;10.6;1;5;si
no;121;12;1;1;no
no;221.1;10.6;0;3;no
no;145.8;9.9;1;2;no
no;222.8;11.2;1;6;no
no;183.4;7.5;4;3;no
si;264.3;9.3;0;5;no
no;146;6.8;0;7;no
no;157.1;8.5;4;5;si
si;127.3;10.3;1;3;no
no;187.9;4.8;2;4;no
no;178.8;8.4;2;5;no
no;97.2;10.4;2;6;no
no;259.8;5.4;0;1;no
no;256.5;7;3;5;no
no;169.5;10;0;3;no
no;239.7;8.7;2;3;si
si;171.5;5;1;2;si
no;239.9;9.8;0;2;no
no;142.3;16;1;6;no
no;184.1;7.5;2;6;no
no;206.9;9.3;2;11;no
no;259.9;15.3;1;1;no
no;203.8;12.5;0;3;no
no;248.8;10.3;3;2;no
no;221.6;11.3;1;3;no
si;192.9;10.9;1;4;no
no;122.4;12.5;1;7;no
no;104.9;9.6;1;9;no
no;173.2;11.2;3;5;no
no;119.4;12.4;2;7;no
no;250.3;13.3;2;2;si
no;178.3;11.4;1;4;no
no;243.4;12.8;1;2;no
no;155;11.8;2;5;no
no;288.7;8.6;0;3;no
no;240.4;11.2;1;3;no
no;190.3;8;1;3;no
no;278;8.3;0;4;si
no;155;13.5;1;3;no
no;153.5;6.3;2;2;no
no;273.4;12.3;1;6;no
no;155.3;12.4;0;4;no
no;133.1;6.8;1;3;no
no;246.8;12.6;1;5;no
si;165.4;9.6;2;7;no
no;59.5;11.1;0;6;no
no;138.3;9.6;3;4;no
no;286.7;6.9;2;5;no
no;117.3;12.2;1;3;no
no;264.3;6.3;4;3;no
no;127.9;12.5;0;5;no
no;225.5;9.8;0;2;no
no;149;8.3;0;3;no
no;198.9;14.3;1;9;no
no;256.4;11.1;1;1;si
no;264.8;14.8;1;2;si
no;98.2;9.3;2;2;no
no;159.8;9.7;2;7;no
no;190.6;6;3;3;no
no;184;11;0;3;no
no;261.8;9.6;1;5;no
no;147.9;9.6;3;9;no
no;106.4;10.1;1;5;no
no;133.7;5.9;0;2;no
no;193.5;8.5;0;5;no
si;178.2;13.6;3;3;si
no;226.2;10.5;3;5;si
no;170.4;11.6;1;4;no
no;70.9;11.1;3;5;no
no;194.4;17.2;2;9;no
no;240.3;10.6;1;2;no
no;75;9.5;3;6;no
no;69.1;6.3;1;3;no
no;96.6;6.2;4;4;si
no;214.6;14.8;0;12;no
no;148.5;9.9;3;6;no
no;258.1;11.7;1;5;no
no;149.7;7.6;3;2;no
no;149.8;8.1;1;2;no
no;190.4;11.2;2;4;no
no;181.4;11.6;1;6;no
no;151.1;5.3;1;3;no
no;155.7;8.1;0;4;no
no;149.9;13.3;2;13;no
no;222.3;11;3;2;no
no;149.4;6.7;0;2;no
si;233.8;12.8;0;3;no
no;204.2;10.5;0;2;no
no;242.9;0;1;0;no
no;150.4;12.3;1;4;no
no;208.9;12.8;0;7;no
si;191.9;14.3;1;6;si
si;130.7;9.4;2;2;si
no;119.6;5.9;2;2;no
no;273.6;8.2;1;4;no
si;156.1;11.1;2;9;no
no;178.7;8;2;4;no
no;177.5;11.9;2;3;no
si;211.3;9.7;4;4;si
no;175.2;7.5;1;2;no
no;114.3;12.6;3;7;no
no;251.4;7.5;1;5;no
si;216.9;17.5;1;5;si
si;217.2;9.3;0;3;no
no;206.3;12.4;0;12;no
no;159.3;11.1;1;5;no
no;143.1;11.4;2;5;no
no;154;5.6;3;2;si
no;186.6;11.6;1;5;no
no;170.8;9.6;5;5;si
no;124;12.3;1;3;no
no;198.3;14.8;3;8;no
no;172.8;9.1;2;8;no
no;217.4;6.6;0;3;no
si;265.9;14;0;12;si
no;93.6;17.5;1;5;no
no;98.2;7.6;2;1;no
no;214.7;9.4;2;4;no
no;168.2;12.9;1;3;no
no;202.9;9;3;3;no
no;261.4;11.6;1;2;no
no;73.3;8.2;4;3;si
no;253.7;9.2;7;5;no
no;45;9.8;2;6;no
no;231.3;13;1;6;no
no;47.4;10.5;2;8;no
no;227.4;12.5;0;3;no
no;40.9;11.9;0;7;no
no;124.8;8.6;2;4;no
si;68.5;12.1;0;9;no
no;163.5;7.8;2;4;no
no;163;6.7;2;3;no
no;213.7;10.7;2;5;no
no;201.3;5.4;1;3;no
no;310.4;9.2;4;10;no
no;48.4;18.2;1;1;no
no;171.2;14;1;6;no
no;166.5;8.5;0;3;no
no;216.6;12.4;0;8;no
no;107.8;9.9;2;3;no
no;141.3;7.8;1;2;no
no;209.9;6.6;0;1;no
si;237.5;14.2;9;3;si
no;234.5;3.5;3;6;no
no;103.1;12.2;3;8;no
no;129.5;11.9;1;3;no
si;279.8;8.4;2;10;si
si;136.8;10.3;5;9;si
no;100.1;5.9;0;3;no
no;237.1;10.1;4;5;no
no;172.8;7.9;4;3;si
no;224.5;11.5;2;2;no
no;288.1;10.2;3;4;si
si;78.2;10.1;2;6;no
no;148.7;12.7;2;6;no
no;194.6;13.1;2;2;no
no;159.5;12;0;4;no
no;194.5;9.5;1;2;no
no;174.1;8.3;2;5;si
no;131.8;7.7;2;6;no
no;160.6;10.7;1;1;no
no;146.8;7.2;0;7;no
no;200.7;9.1;1;5;no
no;145.6;10.9;1;5;no
no;229.4;8;2;1;no
no;211;4.7;3;4;no
no;121.5;11.3;2;5;no
si;216;3.6;2;7;no
no;293;10;2;6;no
si;221.1;15.4;2;4;si
no;181.5;10.3;1;2;no
no;74.3;14.5;2;3;no
si;62.3;10.8;1;3;no
no;228.6;9;3;1;no
no;228.1;9.9;2;5;si
no;309.9;14.2;1;2;no
no;201.9;13.7;3;6;no
no;149.8;11.7;2;4;no
no;183.8;7.7;1;3;no
no;186.7;16.5;1;4;no
no;209.4;7.4;1;2;si
no;223.2;10.2;3;3;no
no;164.2;10.7;1;8;no
no;150.5;10.3;1;2;no
no;234.2;9.8;0;6;si
no;55.3;10.2;1;5;no
si;221.8;8.4;1;4;no
no;169.6;7.4;1;8;no
no;89.7;13.5;5;11;si
no;80.2;8.6;1;2;no
no;218.9;11.3;2;4;no
no;125.7;12.9;1;2;no
no;176.3;9.6;2;1;no
no;207.2;9.5;2;5;no
no;205.7;12.5;2;6;no
no;151.4;0;1;0;no
no;157.5;9.6;3;4;no
no;160.4;9.1;2;5;no
no;159;12.3;1;5;no
no;214.1;9.2;0;6;no
no;102.6;9.1;2;4;no
si;159.7;13.9;0;6;si
no;202.8;4.6;1;4;no
no;57.5;11.6;3;6;no
no;169.9;11.4;1;7;no
no;335.5;12.7;2;8;si
no;139.5;13.1;0;8;no
no;142.3;6.6;1;8;no
no;187.8;10.6;0;5;no
no;146.2;8.7;3;3;no
no;231.8;11.6;3;7;no
no;193.7;12.7;1;3;no
no;156.4;7.7;4;6;no
si;220.7;13.2;1;6;si
no;239.8;7.3;2;1;no
no;172;8;1;5;no
si;128.2;8.8;2;7;no
no;130.2;14;3;6;no
no;195.4;11.6;1;6;no
si;293.3;14.5;0;4;si
no;191.3;12.8;1;4;no
no;122.4;11.5;1;3;no
no;209.6;10.6;2;3;no
no;215.7;7.1;3;1;no
no;161.4;5.1;0;2;no
no;144.2;13.8;3;4;no
si;220.2;4.1;0;2;si
no;256.2;7.4;4;2;no
no;112.7;6.5;1;5;no
no;299.5;13.7;0;4;si
no;194.8;13.9;0;4;no
no;100.8;9.5;0;2;no
no;82.5;4.8;3;4;no
no;146.4;15.6;2;4;no
no;177.9;10.8;2;6;no
no;153.5;10.2;5;7;no
no;150.7;9.2;1;15;no
no;180.1;7.5;0;3;no
no;265.3;12.9;1;1;no
no;128.6;11.4;0;2;no
no;161.5;7.9;2;4;no
no;165.3;9.8;1;3;no
no;195;11;0;13;no
no;213.8;15.6;0;7;no
no;205.5;14;1;4;no
no;252.9;8.5;3;4;no
no;235.6;15.4;0;9;no
no;192;7.5;1;5;no
no;69.1;9.1;0;4;no
no;261.7;6;3;3;si
no;235.5;11.5;2;4;no
no;213.4;9.5;1;6;no
no;206.9;9.2;3;1;no
no;263.8;8.5;3;3;no
no;183.4;10.5;1;5;no
no;157.6;9.4;5;10;si
no;175.6;9.3;0;4;no
no;242.5;9.3;2;2;no
no;151;9.9;0;7;no
no;138.1;8.3;1;2;no
no;264.7;9.5;1;9;si
no;282.3;12;1;4;no
no;211.2;12.3;0;2;no
no;197.1;7.4;3;4;no
no;205.3;7.8;1;4;no
no;181.8;9.2;2;4;no
no;252;9.6;2;1;no
no;193.8;9.2;0;3;no
no;231.2;12.3;1;1;no
no;200.1;15.5;0;4;no
no;266.7;16.3;1;4;no
no;118.1;11.9;2;6;no
no;175.3;11.8;0;5;no
no;125.1;11.2;3;3;no
no;176.8;7.5;1;15;no
no;241.9;5.9;1;3;no
no;241.2;10.6;0;4;no
no;217.1;9.4;1;4;no
no;195.4;8.9;0;4;no
si;222.4;8.7;1;9;si
no;189.5;13.1;1;2;no
no;123.1;9.3;0;5;no
no;256.7;11.4;3;3;no
no;159.1;6.5;1;1;no
no;100.1;11.1;3;8;no
no;30.9;8.6;1;7;no
no;223.2;10.1;3;2;no
no;187.4;12.6;1;8;no
no;315.6;12.1;3;3;no
no;277.5;8.2;1;2;no
no;189.8;14.9;2;3;no
no;147.2;10.2;1;4;no
no;185.8;5.7;4;7;no
no;155.4;8;3;4;no
no;154.2;10.9;6;4;no
no;97.6;11.6;1;9;no
no;178.8;7.5;1;3;no
no;149.3;9.1;0;4;no
no;206;8.4;0;11;no
no;216.8;11;0;9;no
no;103.3;10.7;0;3;no
no;139.4;7.7;0;3;no
no;191.2;14.1;1;3;no
no;160;10.4;1;7;no
no;221.7;6.5;3;4;no
no;62.9;8.5;1;5;no
no;215.6;3.6;1;5;no
no;165.3;7.6;3;7;no
si;94.7;10.6;2;6;no
no;203.2;9.7;2;3;no
no;195.3;12.5;3;4;no
no;143.7;11.4;4;8;no
no;114.4;0;2;0;no
no;222.8;6.9;2;2;no
no;175.9;7.3;2;5;no
si;249.9;15.3;1;6;si
si;234.5;11.4;2;4;no
no;210.7;7.2;1;6;no
no;182.3;9.3;1;3;no
no;190.3;11.7;2;5;no
no;177.1;7.4;0;2;no
no;87.2;10.9;6;5;si
no;215.6;13.5;1;3;no
no;137.4;14;3;11;no
no;192.8;16.4;1;5;no
no;149.3;11.9;2;3;no
no;143.7;7.8;1;5;no
no;224.8;9.2;1;2;no
no;261.2;12.7;2;5;no
no;196.5;13.4;0;5;no
no;271.2;11.5;3;3;si
no;207.2;8;2;1;no
no;300.4;7.2;2;5;no
no;229.6;9.5;2;8;no
si;187.5;12.1;1;4;no
si;57.1;6.5;3;6;no
no;162.1;11;5;9;si
si;145;16.7;2;3;si
no;159.5;11.4;1;3;no
no;190.7;8.8;1;8;no
no;230.6;9.4;1;2;no
no;34;11.5;0;3;no
no;193.4;11.4;5;3;no
no;202;10.4;1;6;no
no;191.7;9.1;1;5;no
no;161.3;6.6;1;8;no
no;150.6;6.4;1;2;no
no;184.6;7.8;1;1;no
no;220.7;8.7;1;5;no
si;167.3;11;1;6;no
no;154;8.2;3;4;no
no;121.1;10.1;0;6;no
no;182.1;12.7;3;4;no
no;109.6;11;2;5;no
no;209.9;9.6;1;4;no
no;167.5;11.4;2;4;no
no;213.9;9.8;2;14;no
no;115.8;13.1;1;5;no
no;276.6;9.8;2;6;no
no;179.4;9.5;2;4;no
no;187.3;10.1;1;5;no
no;201.2;8.4;2;3;no
si;189.6;1.3;1;6;no
no;186.8;15;0;5;no
no;153.5;11.4;0;4;no
no;187.6;8.7;2;6;no
si;230.9;11;0;2;si
no;244.9;15.2;2;4;no
no;230.9;9.7;3;2;no
no;187.1;11;1;3;no
no;170.7;13.3;1;4;no
si;126.9;8.8;5;3;si
no;189.5;9.2;0;7;no
si;176.9;7.7;1;2;si
no;161.1;10.6;1;4;no
no;169.4;10.7;1;4;no
no;254.4;10.5;0;4;no
si;127.7;5.8;2;4;no
no;170.5;13.6;6;5;no
si;219.1;10.1;2;4;no
si;273.5;11;2;9;no
si;161.9;10.7;1;4;no
no;241.7;9.4;1;4;no
si;62.8;9.4;3;4;no
no;281.1;11.2;1;9;no
no;228.2;10.7;3;5;no
no;209.8;11.3;0;3;no
no;265.6;11.1;2;6;si
no;214.9;11.8;2;2;no
no;110.5;10.5;3;3;no
si;281.1;7.5;0;3;no
no;137.8;14.1;2;3;no
si;271.5;8.2;1;2;si
no;112.8;9;2;3;no
no;187.3;15.1;1;2;no
no;197;10.8;1;4;no
no;180.4;8.4;1;2;no
si;148.5;14.5;1;7;si
no;197.1;14.6;2;5;no
no;153.7;15.9;1;5;no
no;261.3;11.3;1;2;no
no;246.2;9.4;1;5;no
no;191;6.5;0;4;no
no;208.3;12.6;1;3;no
no;253;9.8;0;4;no
no;202.3;6.8;0;4;no
no;174.4;10.2;0;5;no
no;127.1;12.1;1;3;no
si;143.5;11.3;0;3;no
no;186.9;5.8;1;3;no
no;194;12.1;1;4;no
no;234.8;9.9;0;6;no
no;123.7;13.1;1;4;no
no;173.9;15.3;0;5;no
no;130.9;12.4;1;4;no
no;314.6;5.7;2;3;si
no;227.9;12.1;1;5;no
no;95.5;6.6;2;6;no
no;185.3;15.1;1;3;no
no;146.3;13.1;1;3;no
no;184;12.7;2;3;no
no;105.8;13.1;0;5;no
no;178;11.7;1;4;no
no;149.4;10.1;1;6;no
no;209.4;11.3;2;3;no
no;172.1;11.6;1;6;no
si;169.3;9.4;1;9;no
no;119.1;12.2;0;4;no
no;194.2;5.5;2;2;no
no;198.8;9.9;2;3;no
si;167.7;13.4;3;1;si
no;202.2;11.8;2;2;no
no;322.5;9.4;2;4;si
no;216.2;10.2;0;3;no
no;76.4;9.4;3;3;no
no;72.7;9.9;1;3;no
no;210.4;9.7;0;4;no
si;127.2;8.1;0;13;no
no;201.8;11.9;1;8;no
no;219.5;16.1;1;5;no
no;99.3;9;3;6;no
no;239.2;10.3;5;2;no
si;120.9;11.4;2;11;no
no;224.7;15.8;1;6;no
no;176.6;14.6;1;6;no
no;283.9;10;1;4;no
no;180.6;10.3;1;4;si
no;125.9;10.3;1;4;no
no;237.6;9.1;0;9;no
no;198.4;9.2;2;2;no
no;274.3;10.9;0;5;no
si;199.6;11;3;4;si
no;217.7;9.6;3;3;no
no;134.7;7.6;3;6;no
no;212.7;9.7;2;13;no
no;256.3;6.2;2;7;no
no;183.6;12.7;1;2;no
no;176.2;9.2;1;4;no
no;205;11.7;1;8;no
no;267.9;11.3;3;3;si
no;179.2;9.9;2;6;no
no;149.4;14.9;1;3;no
no;163.6;13.1;3;3;no
no;207.6;12.4;1;13;no
no;165.4;8.9;3;4;no
no;209.8;9.9;4;9;no
no;220.1;11.1;0;3;no
no;141.3;8.2;1;5;no
no;196.5;4;0;7;no
si;180.9;7.4;2;4;no
no;105;14.9;0;5;no
no;271.4;11.1;4;6;si
no;206.7;10.9;1;3;no
no;166.8;9.3;1;1;no
no;204.9;10.4;5;3;no
no;154.6;9.1;1;4;no
no;127;7.5;1;2;no
si;267.4;5.9;1;4;no
no;281;0;1;0;no
no;270.8;11.8;4;8;no
no;171.2;10.2;1;7;no
no;124.1;6.7;3;8;no
no;162.8;7.2;1;3;no
no;146.3;8;1;12;no
no;254.8;15;2;7;no
no;254.9;5.4;2;3;no
no;107.7;8.9;0;3;no
no;158.8;7.6;1;7;no
no;182.9;5.5;2;4;no
no;198.5;12.4;0;5;no
no;178.4;12;0;2;no
no;110.9;6.2;1;5;no
no;166.9;12.3;1;4;si
si;244.8;10.7;2;3;no
no;120.8;11.9;4;3;si
no;165.3;8.5;2;3;no
no;126.7;14.4;2;7;no
no;215.9;15.5;0;7;no
no;140.1;8;1;2;no
no;209.9;8.7;1;7;no
si;139.8;5.5;0;6;no
no;321.6;11.3;2;3;si
no;166.6;8.2;7;6;no
no;214.2;5.9;0;8;no
no;260;9;1;3;si
no;191.9;13.4;4;4;si
no;213;13.5;0;3;no
no;118.1;16.9;1;2;no
no;190.2;15;6;4;no
no;82.2;5.1;0;6;no
no;163.8;8.1;0;5;no
no;267.8;14.4;5;11;si
no;159.8;10.6;2;3;no
no;214.3;10.6;1;4;no
no;287.3;10.5;0;4;si
no;101.2;7.5;2;3;no
no;102.8;13.2;2;5;no
no;109.1;8.3;0;6;no
no;215.9;5.2;1;2;no
no;203.4;11;1;4;no
no;110.1;9.2;1;2;no
no;111;4.4;1;14;no
no;239.9;9.3;1;5;no
no;144.8;13.8;1;3;no
no;135.4;7.9;1;4;no
no;84.2;10.8;1;2;no
no;209.1;14;0;6;no
no;130.1;11.4;0;5;no
no;175.8;7.8;2;5;no
no;241.9;6.6;1;5;no
no;136.7;9.8;0;4;no
no;67.7;12;1;2;no
no;200.4;10;1;2;no
si;125.8;14.1;1;4;si
no;128.2;11.2;1;2;no
no;226.3;13;4;3;no
no;162.3;9.2;0;4;no
no;224.4;6.7;2;2;no
no;120.5;14.3;1;2;no
no;91.1;11.9;2;8;no
no;168.8;15.5;0;4;no
no;153.5;6.5;2;5;no
no;226.2;6.4;0;2;no
no;191.9;12.6;1;2;no
no;167.9;9.2;4;6;si
no;180;11.5;2;6;no
no;257.4;13.4;2;5;si
no;174.4;11;1;4;no
no;159.7;8.4;1;3;no
no;237.2;11;1;3;no
no;103;7.9;1;3;no
no;153.8;11.6;4;2;no
no;205.1;10.7;3;2;no
no;175.7;8.6;2;3;no
no;155.9;8.6;2;8;no
no;154.4;10.3;0;5;no
no;209.7;7.1;2;3;no
si;150;9.4;0;15;no
no;232.4;12.3;3;3;no
no;165.4;12.8;2;5;no
no;199.2;13.3;3;3;no
no;217.6;4.2;0;3;no
no;212.1;7.7;3;2;no
no;154;10.8;1;5;no
no;193.8;13.3;1;2;no
no;175.4;12.2;0;4;no
no;152;15.7;2;5;si
no;230.2;9.2;0;3;no
no;174.9;13.5;1;3;si
no;190.2;8.8;0;4;no
no;176.4;11.5;1;1;no
no;160.9;5;3;5;no
no;228.7;11.8;1;3;no
no;144;12.3;0;2;no
no;135.9;9.5;6;7;no
no;334.3;10.4;0;6;si
no;130.5;13;0;6;no
no;134.2;11.8;4;2;si
no;278;13.1;4;4;si
no;105.4;7.8;0;5;no
no;188.9;11.6;3;8;no
no;111.8;6.9;1;4;no
no;159.1;13;1;18;no
no;212.4;9;1;4;no
no;142.3;9.9;1;1;no
si;346.8;13.3;1;9;si
no;113.9;11.8;1;9;no
si;267.9;8.3;1;2;si
no;171.4;17;3;4;no
no;275.4;13.6;1;3;no
no;197.2;3.9;0;2;no
no;192.6;7.9;2;2;no
no;91.7;7.7;1;5;no
no;126.3;9.6;0;2;no
no;251.5;10.4;3;6;no
no;190.6;7.5;1;5;no
no;116.1;11.6;0;5;no
no;217.3;11.3;2;3;no
no;179.4;14.7;0;3;no
no;207.7;7.9;0;3;no
no;277.3;12.8;2;4;si
no;125.3;8.4;1;4;no
no;138.1;6.8;2;3;no
no;169.3;8.2;0;3;no
no;201.3;12.3;1;3;no
si;216.7;9.8;2;4;no
no;190.4;8.3;2;4;no
no;143.3;6;1;7;no
no;97.4;11.4;2;2;no
no;181.4;11.3;3;3;no
no;246.4;3.8;0;4;no
no;143.4;9.7;2;6;no
no;104.9;8;2;5;no
no;156.2;13.1;1;5;no
no;114.8;12;0;4;no
no;232.5;11.9;0;2;no
no;143.6;8.6;1;3;no
no;176.7;9.1;2;4;no
no;263.4;11.4;1;5;si
no;146.4;11.3;1;3;no
no;145;14.2;2;3;no
no;167.8;8.4;1;12;no
no;166.9;7.2;0;5;no
no;142.5;7.8;2;8;no
si;133;11.2;1;3;no
no;252.9;12.3;1;1;no
no;95;10;2;2;no
si;194.2;12.9;1;1;si
no;222.8;0;1;0;no
no;201.8;16.5;0;5;no
no;216;9.3;2;4;si
no;146.3;5.3;1;9;no
no;234.8;9.5;1;5;no
no;198.6;10.6;2;6;no
no;94.4;13.1;2;9;no
no;190.4;10;2;1;no
no;142.6;12;3;2;no
si;134.2;10.7;0;5;no
no;111.9;14.1;5;3;si
no;122.8;10.7;2;2;no
no;189.3;9.2;4;5;no
no;240.4;16.1;0;6;no
si;93.5;9.9;0;3;no
no;158.6;10.2;3;8;no
si;243.2;7.2;4;4;no
no;176.4;9.3;4;3;no
no;220.9;6.4;0;5;no
no;144.4;7.1;0;7;no
no;212.3;7.7;0;3;no
no;147;8.4;1;9;no
no;96.2;12.9;2;10;no
no;263.4;10.3;0;2;no
si;12.5;7.7;1;9;no
no;162.3;10.1;2;3;no
no;183.6;8.7;1;3;no
no;178.1;8.5;1;2;no
no;201.4;7;0;3;no
no;123;13.3;1;4;no
no;208;8.6;0;6;no
no;239.2;8.8;1;3;no
no;193;15.3;1;3;no
no;174.5;10.3;1;9;no
no;116.7;9.9;1;3;no
no;93.8;10.7;1;2;no
si;154.1;12.9;2;3;no
no;239.5;9.9;0;6;no
no;216;11.8;0;4;no
no;187.4;12.2;1;6;no
no;167.4;10.3;0;5;no
no;160.4;12.5;1;4;no
no;143.2;11.9;1;9;no
no;205.3;5;1;9;no
no;219.1;14.3;1;6;no
no;143.2;7.6;1;4;no
no;232.8;12.5;2;7;no
no;162;8.9;0;8;no
no;25.9;6.5;1;7;no
no;154.2;15.4;4;4;si
no;322.3;6.7;0;8;si
no;209.9;8.2;1;3;no
no;191.5;0;0;0;no
no;291.1;7.5;1;2;no
no;215.6;11.8;3;1;no
si;208.8;12.4;3;6;no
no;255.9;12.3;3;5;no
no;252.7;12.4;2;4;no
no;132.1;6.9;3;6;no
no;217;8.2;1;4;no
no;101.9;12.9;0;2;no
no;211.5;13.3;2;4;no
no;153.4;10.4;0;3;no
no;166.3;10;2;3;no
no;185.2;9.5;1;13;no
no;104.6;6.5;2;8;no
no;245.2;7.2;0;8;no
no;274.4;6;1;3;no
no;98.4;14.2;1;4;no
no;279.9;13;1;2;no
no;187.2;5.1;1;4;no
no;276.2;2.2;3;4;no
no;200.4;8.3;1;4;no
no;162.3;9.1;2;4;no
no;176.9;10.5;4;2;si
no;165.5;12.2;0;6;no
no;217.8;10.4;4;5;no
no;201.4;12.9;2;4;si
no;190.5;10.1;3;5;no
no;179.9;12.8;3;7;no
no;235.9;5.8;3;2;no
no;140.4;7.9;0;1;no
no;144.6;7.4;2;9;no
no;189;17.1;0;6;no
no;101;13.3;0;2;no
no;206.3;10.6;1;4;no
no;165.1;10.9;1;4;no
no;165;12.5;1;7;si
no;155.9;11.7;3;3;no
si;199.2;11.8;1;7;no
no;155.3;12.3;3;4;no
no;208.3;11.3;3;5;no
no;157.1;12.1;1;6;no
no;154.4;11.7;5;4;si
no;189.1;10.4;1;5;si
no;131.5;10;2;3;no
no;166.4;9.9;1;5;no
no;142.3;12.8;2;9;no
no;87.7;7.3;2;4;no
no;184.1;16.9;0;3;no
si;174.5;12.3;2;10;no
no;103.3;9;2;2;no
no;35.1;12.7;1;2;no
no;246.6;13;1;5;no
no;78.5;11.8;1;4;no
no;148.1;12.3;5;2;si
no;206.2;9;1;3;no
no;251.6;12.2;2;3;no
si;270.3;14.4;1;7;si
no;156.6;11.3;1;1;no
no;139.4;13.6;1;6;no
no;220.2;11.7;2;3;no
no;214.1;10.1;1;3;no
no;196;7.9;1;6;no
no;106.4;5.3;6;4;si
no;179.4;10;0;5;no
no;216.7;10.8;2;1;no
no;177.3;5.1;0;2;no
no;151.6;4;1;5;no
no;262.2;10.6;0;5;no
no;173.6;9.7;3;7;no
si;106.6;9.6;2;8;no
no;193.3;11.6;5;4;si
no;217.2;11.3;0;4;no
no;209.5;8.8;1;4;no
no;95.4;5.6;1;5;no
no;214.6;8.1;1;2;no
no;131.6;11.1;4;4;si
no;168.4;11.8;1;7;no
no;146.4;7.8;1;5;no
si;183;11.1;1;6;no
no;103.3;6.4;0;7;no
no;112.2;10.6;0;2;no
si;170.7;8.2;3;9;no
no;172.5;10.9;0;2;no
no;194.3;7.1;1;5;no
no;187.8;12;2;3;no
si;307.1;8;0;3;no
no;118.2;12.2;3;3;no
no;154;12.9;1;1;no
no;155.5;7.6;1;11;no
si;125.6;5.4;1;5;no
no;199.3;15.2;0;2;no
no;157.9;12.8;1;3;no
no;203.4;9.2;2;5;no
no;222.2;10.9;1;5;no
no;92.8;5.8;1;7;no
no;216.8;8.6;0;2;no
no;193.2;9.7;4;2;no
no;113.2;14.1;3;4;no
no;166.2;11.2;3;2;no
no;262.2;7.3;1;14;no
no;207.8;13.1;0;4;no
no;245.4;7.5;1;6;no
no;287.1;14.4;3;2;si
no;192.3;9;2;1;no
no;194.2;9.7;2;3;no
no;211;9.8;3;7;no
no;141.9;8.7;0;5;no
no;220.5;5.9;2;9;no
no;157.4;9.3;1;2;no
no;143.5;11.2;0;5;no
no;156;8.9;0;8;no
si;160.1;9.2;2;3;no
si;235.1;7.2;4;2;si
si;160;8.7;5;5;si
no;188.4;13.2;1;2;no
no;194.8;11;1;3;no
no;247.8;6.9;1;2;no
no;221.2;11.9;4;3;no
no;118.5;13.4;2;3;no
no;231.8;7.6;1;4;no
no;215.9;11.6;1;4;no
no;217.1;8;2;5;no
no;83.5;12.6;0;3;no
no;183.3;5.1;1;7;no
si;236.8;9.5;1;2;si
no;193.8;8.5;1;3;no
no;134;9.7;0;4;no
no;176.6;11.3;2;5;no
no;191.4;10.2;3;3;no
si;174.8;12.8;0;3;no
no;275.2;7.9;1;2;no
no;174;7.9;1;1;no
no;165;12.6;1;8;no
no;228.7;11.8;1;4;no
no;107.9;9.5;2;3;no
no;221.3;11.3;1;6;no
no;141.1;5.9;3;6;no
no;166.4;10.7;4;4;no
no;249.6;7.6;3;3;no
no;178.6;10.9;1;5;no
no;139;15.7;2;5;no
no;134.3;12.6;2;5;no
no;215.9;4.9;3;5;no
no;181.6;11.4;1;4;no
no;178.4;9.3;1;9;no
no;106.4;11.4;1;3;no
no;170.7;11.4;2;4;no
no;184.5;12.3;0;6;no
no;161.2;8.9;1;4;no
no;84.9;7.5;2;5;no
no;217.9;10.6;1;2;no
no;270.9;8.8;0;5;si
no;243;15.3;0;6;si
no;128.2;8.9;0;3;no
no;126.3;9.8;2;7;no
no;178.7;10.6;4;2;no
no;159;10.1;0;4;no
no;150.9;11.7;3;5;no
si;219.9;8.1;3;4;no
no;168;10.1;2;3;no
no;162.1;9.6;4;3;si
no;198.8;16.5;5;7;no
si;256.8;9.1;3;10;no
no;182.8;11;1;2;no
no;196.8;7.7;1;2;no
no;140.1;11.2;2;5;no
no;194.3;9;5;3;no
no;117.6;8.8;1;5;no
si;193.7;11.6;0;8;no
no;243.1;7.8;2;4;no
no;145.4;5.2;1;4;no
no;169.1;9.9;3;10;no
no;229.3;8.8;2;3;no
si;197.2;8.3;4;4;no
no;186.4;11.1;2;3;si
no;76.1;10.8;0;3;no
no;162.8;6;2;3;no
no;182.3;18;1;5;no
si;194.4;11.2;2;7;no
no;189.3;12.5;2;4;no
no;160.1;9.5;3;4;no
no;145;7.1;3;4;no
no;220.7;11.5;4;7;no
no;224.7;7.5;1;5;si
no;147;10.5;1;4;no
no;260.8;10.1;1;5;no
no;155.4;9;0;3;no
no;166.2;5.4;1;7;no
no;211.8;10.8;0;7;no
no;130.5;11;4;5;si
no;162.7;8.7;0;6;no
si;237.1;7.9;1;3;no
no;166.2;13.2;4;2;no
no;121.7;8.3;6;2;si
no;176.4;11.2;0;2;no
no;67.4;11.4;2;2;no
no;229.7;9.6;1;1;si
no;176;14.7;1;7;no
no;247.7;9.6;0;7;si
no;115.4;13.1;2;5;no
no;112.2;13.9;0;1;si
no;162.6;11.5;0;4;no
no;229.4;10.4;4;6;no
no;139.6;15;2;4;no
no;263.8;8.4;5;2;si
no;217.5;9;4;3;no
no;114.3;7.5;1;8;no
no;196.3;7.7;2;3;no
no;253.2;4.4;1;4;no
no;98;10.5;0;4;no
no;249.4;9.1;0;3;no
no;129.6;14.5;1;5;no
no;221.3;9.3;0;7;no
no;220.7;12.4;1;9;no
no;87.6;9.2;1;5;no
no;203.6;8.4;0;3;no
no;213.6;8.8;2;3;no
no;181.6;12.9;2;4;no
no;215.4;7.8;1;6;no
no;266.3;14;2;2;si
no;199.2;10.2;3;2;no
no;115;7.3;3;4;no
no;270.5;9.6;1;5;si
no;222.2;12.9;1;4;no
no;61.9;8.8;3;2;no
no;141.1;10.8;2;2;no
no;189.2;10.6;3;5;si
no;196;9.8;3;1;no
no;171.6;13.8;0;4;no
si;174;11.4;2;3;no
no;78.6;7.4;1;5;si
no;200.9;8.9;1;7;no
no;141.3;6.4;1;2;no
no;235.8;7.3;2;1;no
no;185.1;6.3;3;4;no
no;254.3;11.8;2;2;no
no;183;8.7;2;6;no
no;163.5;7.5;2;5;no
no;207.9;7.7;2;2;no
no;248.6;6.1;3;3;no
no;185.4;14.5;2;4;no
no;197.8;8.9;1;5;no
si;132.1;9.1;2;1;si
no;197.1;9.3;0;11;no
no;154.6;12.6;2;5;no
no;153.1;10;6;1;si
no;211.2;6.3;2;9;no
no;96.8;10.9;2;5;si
no;172;10.1;1;9;no
no;141.1;8;2;7;no
no;151.1;13.8;2;2;no
no;209.6;7.6;3;2;no
no;247;10.5;3;4;no
no;221.4;10.8;1;12;no
no;321.3;8;1;4;si
no;243.7;11.3;0;2;no
no;251.5;11.1;3;6;no
si;236.9;7.3;0;2;si
no;159.7;9.3;2;3;no
si;148.2;9.2;4;1;si
no;150.9;14.7;1;1;no
no;210.5;11.5;1;2;no
no;170.9;4.1;2;5;no
no;254.7;10.6;0;8;no
no;284.4;8.4;0;8;si
no;0;6.8;4;1;si
si;133.7;10.7;1;2;si
no;224.9;10.3;0;3;no
no;151.8;11.9;1;5;no
no;141.4;5.6;2;3;no
no;285.7;14.8;0;7;si
no;58.4;11.9;1;5;no
no;90.4;13.1;0;4;no
no;114.4;11;0;3;no
no;147.7;12.8;2;3;no
no;302.7;13.6;3;14;no
no;136.1;11.3;1;4;no
no;169.7;12.8;3;6;no
no;227.2;14.9;0;2;no
no;217.8;10.3;1;6;si
no;124.2;13.1;2;8;no
no;206.2;13.6;1;2;no
no;132.9;9.9;3;2;no
no;104.9;7.7;3;6;no
no;245;13.7;1;8;si
no;184.5;11.6;1;3;no
no;89.5;12.3;3;1;no
si;235.6;8.6;1;4;no
no;186;11.5;4;6;no
no;223.9;7.3;1;9;no
no;179.5;6.6;1;2;no
no;169.4;8.9;1;5;no
no;118.1;8.2;1;6;no
no;112;4.1;4;4;si
no;168.4;8.5;0;7;no
no;214.3;11.3;0;10;no
no;245.7;4.2;4;5;si
no;156.6;13.4;1;10;no
si;142.8;8.9;1;4;no
no;202.4;10.2;3;2;no
no;116.8;12;1;2;no
no;155.7;11;1;1;no
no;236.1;9.1;2;4;no
no;138.1;8.2;2;2;no
no;51.9;10.1;3;3;no
no;81.3;8.9;0;3;no
no;171.5;7.1;0;3;no
no;126;7.6;1;3;no
si;197.2;9.9;4;6;no
no;194.1;15.3;1;4;no
no;115.7;9.3;1;6;no
no;157.2;8.4;3;5;no
no;269.7;4.5;3;15;si
no;246.4;9.1;0;8;no
no;227.4;13;1;4;no
no;189.8;12.2;0;4;no
si;188.9;11.5;4;5;no
no;0;7.2;1;4;no
no;110.5;11;1;4;no
no;167.6;11.7;4;2;no
no;132;0;3;0;no
no;167.8;11.9;0;4;no
no;213.4;5.7;1;4;no
no;175.4;10.6;0;1;no
no;82.6;9.5;3;1;no
no;143.2;8.8;4;7;si
no;125.5;8.9;1;8;no
no;82.3;11.8;6;2;si
no;165.6;11.8;1;3;no
no;183.1;8.4;0;2;no
no;162.1;12.2;1;5;no
no;166.6;7.7;1;6;no
no;135.9;9.4;1;4;no
no;165.7;9.8;0;6;no
no;176.1;9.7;1;4;no
no;142.3;9.1;0;1;no
no;177.6;7.6;3;3;no
no;83.2;10.7;1;7;no
si;235;5.7;2;7;no
no;105.7;6.6;2;12;no
si;149.4;17.9;3;3;si
no;264.7;10.4;0;7;no
no;160.3;5.6;1;1;no
si;95.9;10.4;1;3;no
no;140.7;11.7;0;5;no
no;119.7;4.6;2;2;no
no;99.9;9.8;2;7;no
no;250.9;9.6;2;6;no
si;200.6;11.2;2;5;no
no;209.8;7;1;7;no
no;198;7.6;1;4;no
no;239.8;11.3;1;5;no
no;164.5;11.2;0;2;no
no;220.9;12.2;1;2;no
no;112.8;13.2;2;6;no
si;112.6;11.1;0;2;si
no;226.4;10.8;1;7;no
si;244.9;9.7;4;6;no
no;203.2;15.1;2;6;no
no;136.7;8.6;0;4;no
no;152.6;5;1;10;no
no;274.9;8.8;1;2;no
no;195.7;8.3;1;3;si
si;204.3;9.2;1;7;no
no;222.3;8.9;3;4;no
no;222.5;9.7;1;2;no
no;128.8;10.3;2;2;no
no;174.3;8.3;0;2;no
no;242.5;7.8;4;3;no
no;221.6;12.7;4;6;no
no;114.3;10.9;0;9;no
no;219.7;9.5;2;2;no
no;144.9;12.3;2;3;no
no;236.5;8.1;2;3;no
no;174;14.1;2;7;si
no;109.5;6.6;1;7;no
no;81.6;9.9;1;4;no
no;133.4;5.9;1;4;no
no;137.1;8.6;1;4;no
no;197;16.1;0;8;no
no;198.1;9.3;3;3;no
no;39.5;10;0;6;no
no;199.5;8.1;2;4;no
no;156.8;7.6;1;6;no
no;183.4;9;3;5;no
no;132.4;8.6;1;2;no
no;63.2;5.1;0;3;no
si;181.1;16.9;0;4;si
no;117.5;4.2;3;7;no
no;218.7;15;0;1;no
no;207.3;5.9;1;3;no
no;150.6;8.1;0;5;no
si;273.3;12;1;7;si
si;266.1;10.3;1;4;no
no;112.8;16.3;0;6;no
no;104.7;15.8;3;7;no
no;193.8;5.9;0;4;no
no;168.6;9.8;1;5;no
no;253.2;9.7;2;7;no
no;174.7;8.9;1;2;no
no;87;11;0;5;no
no;204.5;14.8;2;9;no
no;226.5;9.4;3;4;no
si;234.1;10;1;3;no
si;133.3;12.9;3;2;si
no;133.9;15.4;1;3;no
no;160.2;9.7;0;2;no
no;230.6;11.1;0;2;no
no;227.4;6.3;2;4;no
no;72.8;11.8;2;2;no
no;196.1;7;1;2;no
no;197.1;12.8;1;3;no
no;219.6;9.7;1;5;no
no;153.4;12.8;4;4;si
no;216;4.9;2;10;no
no;222.9;10.8;0;4;no
no;115.9;11.7;3;6;no
no;189.8;10.6;1;5;no
no;154.7;11.1;0;3;no
no;136.4;11.5;3;1;no
no;170.5;12.2;1;6;no
no;272.4;12.7;0;2;no
no;210;5.9;8;4;no
si;236.5;12.2;2;3;no
no;153.9;8.5;2;3;no
no;223;8.8;1;5;no
no;252.4;10.7;2;3;no
no;197.9;12;1;6;no
no;152.4;6.6;3;5;no
no;237.4;9.2;3;3;no
no;265.6;8.6;1;2;no
no;197.3;6.7;1;6;no
no;199.1;4.2;1;1;no
no;233.7;12;2;2;no
no;183.1;7;1;3;no
no;139.4;10;2;5;no
no;213.9;8.4;1;3;si
no;207.1;12.4;1;2;no
no;139.7;11.3;2;5;no
no;177.2;8.9;2;3;no
no;169.8;9.5;2;7;no
no;173.5;9.7;3;2;no
no;159.9;5.6;1;4;no
no;115.1;11.4;2;3;no
no;136.8;12.5;2;3;no
no;92.2;13.1;1;6;no
no;243.9;13.4;2;11;no
no;117.1;9;0;2;no
no;223.3;4.5;0;4;si
no;154.8;10.6;3;2;no
no;261.4;8;1;6;si
si;46.5;9.6;4;4;si
no;149.9;11.5;0;7;si
si;242.2;13.9;2;5;si
no;259.4;10.7;1;6;si
no;222.4;12;2;8;no
no;69.4;8.9;0;5;no
si;156.5;11.1;4;3;si
no;61.2;13.7;5;3;si
si;245.2;10.7;0;5;no
no;102.3;15.7;3;10;no
no;230.9;7.6;3;4;no
si;227.4;11.9;0;3;no
no;192.8;12.7;1;6;no
no;162.6;8.2;1;2;no
no;219.4;11;2;1;no
no;137.2;14.3;1;4;no
no;87.7;10.5;1;10;no
no;271.1;10.3;1;5;no
no;103.4;14.4;1;3;no
no;52.2;11.4;2;2;no
no;165.4;8.7;0;3;si
no;147.5;16.4;2;3;no
no;217.8;11.3;0;7;no
no;235.7;13.3;1;10;no
no;204.5;8.6;2;5;no
no;178.4;9.6;0;2;no
no;130.1;13.5;2;5;no
no;103.7;14.8;2;4;no
no;239.9;5.9;2;3;no
no;148.4;8.9;0;4;no
no;148.6;10;2;2;no
no;191.1;12.9;0;1;no
no;218.5;7.3;1;4;no
no;97.5;0;1;0;no
no;128.7;10.8;0;5;no
no;236.6;9.5;2;10;no
no;85.9;15.6;0;16;no
no;141.2;11.4;1;2;no
no;194.4;11.5;0;3;no
no;167.6;17.3;2;3;no
no;234.5;6.1;1;4;no
no;154.2;10.1;1;9;no
no;143.2;11.6;1;1;no
si;216.4;12.7;1;4;no
no;161.9;8.5;1;2;no
no;118.7;10.4;3;6;no
no;179.1;10.2;1;10;no
no;147.9;8.8;2;5;no
no;209.2;16.5;2;4;no
no;244.3;10.6;0;6;no
no;175.3;5.6;1;11;no
no;150.5;9;1;2;no
no;197.4;13.2;0;2;no
no;163.5;12.6;1;5;no
no;236.9;11.4;2;7;si
no;82.3;7.2;1;4;no
no;216;12.7;1;4;no
si;180;12.4;1;3;no
no;143.7;5.8;1;6;no
no;198.2;11.3;1;7;no
no;185.6;11.1;2;5;no
no;137.6;5.8;3;10;no
si;273.9;10.9;1;7;si
no;125.3;6.3;3;2;no
no;178.8;8.6;3;4;no
no;214.9;8.2;0;5;no
no;163;15.1;2;4;no
no;163.8;8.8;2;2;no
no;189.5;13.4;1;3;no
no;155.2;4.5;0;4;no
si;242.3;11.3;0;3;si
si;254.1;8.7;3;4;no
no;112;11.3;2;4;no
no;115.5;13.3;3;5;no
no;137.1;11.1;1;4;no
no;198.4;10.1;0;3;no
no;132.7;12.9;3;7;no
no;219.6;13.8;2;8;no
no;169.6;11.2;0;4;no
si;160.4;12.6;4;5;no
no;95;11.2;0;2;no
no;160.1;7;2;1;no
no;194.6;3.8;3;2;no
no;236.4;13.8;1;4;si
no;157.1;7.6;2;3;no
no;179.8;10.9;0;4;no
si;148.2;11;0;4;no
no;183.2;11.9;1;6;no
no;119.2;12.2;4;6;si
no;224;9.6;0;2;no
no;19.5;7.9;0;1;no
no;184.8;9.6;1;8;no
no;176.3;11.3;1;5;no
no;241.7;11.1;2;2;no
no;224.7;9.8;0;6;no
no;207.3;8.6;1;4;no
no;196.8;12.7;2;7;no
no;110.9;15.8;1;9;no
no;122.5;8;2;3;no
no;226.9;13.2;2;5;no
no;187;10;2;8;no
no;170.5;11.2;0;6;no
no;204.8;9.5;0;3;no
no;165.9;12;2;5;no
no;154;9.5;4;3;si
no;158.1;8.9;1;6;no
no;225.2;9.1;2;2;no
no;159.4;9.7;6;2;si
no;172.7;11.7;2;1;no
no;222.8;11;3;3;no
si;214.1;10.1;1;3;no
no;54.8;7.5;1;3;no
no;134;7.3;3;3;no
no;184.8;10.5;1;6;no
no;283.1;11.3;3;3;no
no;291.8;9.9;0;2;si
no;222.7;13.5;1;4;no
no;174.5;8.5;0;5;no
no;68.4;10.4;0;4;no
no;273;9.6;1;2;no
si;225.3;17.3;1;9;si
no;283.2;7.2;1;6;no
si;131.4;11.1;1;2;si
no;89.7;10.7;1;2;no
no;127.1;5;3;3;no
no;105.9;10.7;1;5;no
no;142.3;6;2;11;no
no;191.3;6.4;2;3;no
no;201.9;13.7;0;5;no
no;247.3;14.7;3;2;no
no;242.2;8.9;1;1;no
si;127.3;13.7;5;5;si
no;162;10.9;1;7;no
no;179.1;10.6;2;1;no
no;197.4;12.3;3;4;no
no;148.2;6.4;2;4;no
no;193.1;10.2;0;1;no
no;171.7;7.8;1;6;no
no;198.5;8.1;1;10;no
no;121.7;12.7;1;3;no
no;130.2;14;2;6;no
no;203.4;13.7;2;3;no
no;174.7;10.5;5;8;no
si;241;9.9;1;1;si
no;141.7;10.2;0;3;no
no;134.8;7.7;2;5;no
no;163.1;9;1;10;no
no;145.5;8.9;1;8;no
no;329.8;10.6;0;6;si
no;194.5;12.7;2;1;no
no;131.9;7.1;1;4;no
no;150;8.5;1;3;no
no;196.6;12.9;2;4;no
no;99.7;14.1;2;4;no
no;143.6;10.8;3;5;no
no;231.9;12.3;2;3;no
no;37.8;14.2;3;5;no
no;72.8;10.5;3;4;no
no;94.8;11.4;1;5;no
no;221.8;12.4;1;9;no
no;269;7.3;2;4;si
no;268.3;6.3;1;7;si
no;198.7;12.5;1;5;no
no;115.5;11.5;7;7;si
no;202.1;13.3;2;5;no
no;215.6;12.4;1;6;no
no;169.9;11.5;1;2;no
no;201.7;6;0;4;no
no;221.1;8.4;4;3;no
no;218.7;9.4;2;5;no
no;293.7;11;2;10;si
no;120.3;7.7;4;3;si
no;175.8;11.1;2;2;no
no;278.5;11.6;1;5;si
no;236.3;7.2;3;2;no
no;273.8;11.7;1;3;no
no;131.1;5.6;5;9;si
no;167.4;11.2;4;3;no
no;197.7;10.5;3;3;no
no;169.5;9;2;7;no
si;225.2;11.7;0;4;no
no;174.5;10.3;4;5;no
no;129.7;7.5;5;3;si
no;200;11.4;3;2;no
no;95.9;13.3;0;4;no
no;152.8;9.1;1;2;no
no;129.9;14.3;1;3;no
si;268.4;9.7;2;8;si
no;188.5;15.2;2;5;no
no;170.6;6.1;1;1;no
no;191.4;8.2;1;3;no
no;75.3;12.3;1;1;no
no;149.8;10.9;2;7;no
no;115.9;7.1;1;4;no
no;128.8;14.1;2;4;no
no;131.7;11;1;5;no
no;101.4;12.2;1;2;no
no;149;9.5;4;5;no
no;96.8;13.4;2;4;no
no;107.5;12.6;2;3;no
no;232.8;12.9;0;7;si
no;121.1;8.3;3;5;no
no;124.3;3.5;0;6;no
no;157.7;13.8;1;3;no
no;124.3;14.8;0;1;no
no;286.4;6.9;1;6;si
no;141.7;8.8;0;6;no
no;173;4.8;0;3;no
no;268.7;5.8;2;1;si
no;218.5;9.4;0;6;no
no;255.3;3.7;3;5;no
no;41.9;11.4;1;5;no
no;260.8;5.8;1;2;no
no;239.4;7.7;0;3;no
no;226.7;10.2;0;1;no
no;179.3;13.5;1;6;si
no;158;10;1;5;no
no;175.7;14.1;1;7;no
no;157.4;8.8;3;3;no
no;113.1;6.9;1;2;si
no;182.7;8.8;1;2;no
si;161.3;14.1;0;3;si
no;142.5;7.5;2;2;no
si;190.5;9.7;2;2;si
si;159.3;11.9;1;5;no
si;153.8;9.2;1;6;no
si;180.7;12;2;6;no
no;202.7;12.1;0;7;no
no;190.8;8.9;0;6;no
no;205.1;9.2;2;6;no
no;235.6;7.7;1;2;no
no;189.3;7.4;0;3;no
no;166.9;11.5;1;1;no
no;245.2;7.5;0;4;si
no;132.6;12.7;4;2;si
no;182.3;11.6;2;7;no
no;192.3;10.5;2;3;no
si;122;10.8;2;2;si
no;193;9.6;2;2;no
no;158.6;9.1;0;3;no
no;91.5;12.7;2;8;no
no;153.6;12.5;1;10;no
si;221.6;11.5;1;3;no
no;244.7;6.6;1;1;no
no;239.8;9.5;0;4;no
no;172.4;11;0;5;no
no;242.5;10;3;3;si
no;117.6;11.3;2;10;no
no;174.5;11.3;1;7;no
no;157.3;12;1;7;no
no;192;15.1;1;3;no
no;218.2;8;1;1;no
no;144.6;10.9;1;3;no
si;153.6;14.1;0;4;si
no;135.8;7.9;2;6;no
no;160.7;8.2;0;5;no
no;202.5;7.8;1;2;no
no;152.2;12.3;1;5;no
no;227.4;4.7;0;7;no
no;191.6;9.2;2;3;no
no;138.9;10.8;1;3;no
no;127;6.1;0;6;no
no;168.6;7.3;1;4;no
no;286.6;11.5;1;5;si
no;164.6;15.2;1;4;no
no;144;13;1;4;no
no;141.6;10.2;0;11;no
no;204.3;12;1;4;no
no;163.2;6.2;1;10;no
no;225;10.7;0;4;no
no;176.1;8.5;2;6;no
no;254.2;13.8;5;7;no
no;174.9;8.5;1;5;no
si;187.3;9.6;0;2;si
no;211.8;10.7;3;9;no
no;241.9;11.7;0;6;no
no;196.1;12.9;3;1;no
no;231.3;12.4;3;2;no
no;161.6;13.8;1;2;no
no;194;11.9;0;5;no
no;109.7;15.4;3;8;no
si;277;8.3;1;3;no
no;192.1;6.1;0;3;no
no;198.4;13.1;0;4;no
no;209.2;9.5;0;3;no
no;184.8;18.4;2;3;no
no;167.8;7.3;2;4;no
no;139.2;11.8;3;3;no
no;221.3;4.4;0;4;no
no;121.6;8.9;1;2;no
no;270.4;15.4;1;7;no
no;139.6;8.8;2;4;no
no;253;11.8;2;3;no
no;183.9;15;1;3;no
no;203.3;7.8;3;2;no
no;200.6;7.7;3;2;no
no;167.6;13.4;2;6;no
no;156.5;9.9;2;2;no
no;215.1;10.6;1;10;no
no;301.7;10.5;1;6;no
no;152.3;11.3;7;5;no
no;195.4;15.1;1;11;no
no;208.7;8;2;3;no
no;190.1;14.2;0;6;no
no;185.4;8;4;3;no
no;183.2;9.7;0;3;no
si;54.2;8.6;1;2;si
no;208;8.1;1;9;no
no;230.3;13.2;1;4;no
no;240.8;7.1;2;3;no
no;195.7;5.3;2;3;no
no;276.1;8.9;0;4;si
no;166.1;16.2;2;3;no
no;135.9;11.5;4;3;si
si;189.1;13.9;2;3;si
no;177.9;11.5;1;4;no
no;143.9;12.5;2;8;no
si;148.2;8.6;2;3;no
no;287.1;13.9;2;1;si
no;179.7;9.3;1;8;si
no;165.8;10.9;5;3;si
no;144.1;14.5;1;3;no
no;172.5;5.9;0;6;no
no;199.8;5.5;1;4;no
no;109.1;10.9;2;5;no
no;171.8;9.7;1;5;no
no;222.3;12.1;1;4;si
no;245.8;11.2;0;7;no
no;164.6;8;0;3;no
no;211.7;7.4;0;7;no
si;147.2;7.7;0;2;si
si;254.7;8;0;3;si
si;170.1;8.7;1;4;no
no;195.1;11.4;0;5;no
no;149.3;7.9;7;4;si
no;81.9;8.9;2;1;si
si;191.1;9.8;0;3;no
no;206.9;8.3;3;2;no
no;239;13.5;1;8;si
no;179.3;8;0;5;no
no;185.3;5.5;0;5;no
si;141.4;8.1;2;3;no
no;248.6;12;1;1;no
no;152.5;4.9;2;3;no
no;145.6;11.4;1;7;no
no;164.2;8.1;1;1;no
si;221;9.7;1;4;no
no;295.4;11.5;1;2;si
no;139.8;9.4;2;7;no
no;162.3;14.8;4;1;si
no;272.7;7.7;0;2;si
si;200.3;12.9;2;3;no
no;157.1;11.1;1;9;no
si;135.8;12.3;2;7;no
no;236.7;12.7;1;6;no
no;111.4;5.5;3;6;no
si;156.1;14.7;0;3;si
no;191.1;12;2;4;no
no;153;10.3;1;15;si
no;218.8;10.3;4;3;no
no;205.4;10.3;3;2;no
si;225.2;9.9;0;1;si
no;249.9;8.9;2;6;si
no;131.6;10.2;3;5;no
no;197.9;10.1;0;9;no
no;166.5;9.9;1;5;no
no;225.4;12.9;1;3;no
no;275.8;7.4;2;5;si
no;142.9;10.8;1;6;no
no;207.2;9.9;1;1;no
no;206.2;10.2;1;6;no
no;210.3;11.2;1;7;no
si;225.7;14;1;7;si
no;167.8;14.5;4;4;si
no;197.7;7;2;3;no
no;169.8;10.9;1;4;no
no;190.6;9.8;2;1;no
no;80.3;12.8;2;3;no
no;231.7;12.1;0;2;no
no;69.1;6.5;0;4;no
no;188.8;8.2;4;7;no
no;150.6;10.4;8;8;si
no;192;5.5;2;4;no
no;163.7;9.9;3;3;no
no;211.7;6.5;1;9;no
no;175.5;11.8;1;3;no
no;150.1;11;2;3;no
no;189.5;14.2;1;2;no
no;70.8;9.5;6;1;si
no;215.5;8.6;1;6;no
no;101.7;9.4;3;6;no
no;258.4;9.7;4;8;no
no;242.4;11.8;1;6;no
no;131.8;11.3;1;2;no
no;190.2;9.8;2;6;no
no;154.1;9.8;2;4;no
no;188;15.3;3;3;no
no;103.1;11.2;1;5;no
no;175.4;11.6;0;4;no
no;145.4;10.9;1;1;no
si;250.6;7.8;1;5;no
no;161.5;8.6;1;5;no
no;260.1;10;1;2;si
no;281.3;8.7;0;3;si
si;130.1;13.6;3;5;si
no;102;11.4;2;3;no
no;218.7;12.1;1;4;no
no;128.5;6.8;1;6;no
no;128.7;9.2;2;4;si
no;172.2;8.7;1;4;no
no;199.2;7.6;1;3;no
no;184.5;8.8;2;3;no
no;168.6;10.9;0;7;no
no;174;6.7;1;3;no
no;230.4;8.5;1;3;no
no;198.2;5.1;1;5;no
no;186.1;8;0;4;no
no;148.5;6.8;1;2;no
no;157.1;10;0;8;no
no;155;7;4;4;si
si;129.3;9.6;1;7;no
no;188.5;6.1;1;6;no
no;208.8;11.1;0;5;no
no;238;11.8;0;10;si
no;211.1;5.6;0;4;no
no;198.9;12.6;3;4;no
no;212.8;10.2;1;2;no
no;137.4;12.4;3;2;no
no;191.8;12.8;2;3;no
no;149;13.9;0;11;no
no;117.1;11.1;3;4;no
no;108;10.4;3;3;no
no;112.8;10.1;0;5;no
no;175.9;11;1;6;no
no;236.6;11.1;1;2;si
no;169.4;2;1;7;no
no;129.6;9.4;3;10;no
no;177.1;8;1;6;no
no;133.3;13.5;1;2;no
no;167.8;13;5;3;no
no;174.6;9;1;4;no
no;150.3;12.5;2;4;no
no;283.2;6.3;5;1;no
no;157.8;8.7;5;2;si
no;141.2;7;2;2;no
no;230.2;10.4;1;2;no
si;237.8;15.6;2;6;si
si;204;13.3;3;3;si
no;221.1;7.4;1;3;no
no;177.2;12.7;4;2;no
no;118;5.3;1;5;no
no;163.8;15.7;0;4;no
no;141.3;9.4;3;3;no
no;272.5;16.4;3;5;si
no;118.9;8.2;2;5;no
no;7.9;12.1;0;1;no
no;159.5;10.2;0;4;no
no;150.2;12.1;1;2;no
no;144.5;12;2;7;no
no;140.7;12.4;2;4;no
no;169.2;12.6;1;3;no
no;220.8;7.6;2;3;no
no;216.3;4.5;0;3;no
no;169.5;10.6;0;7;no
no;256.3;11.7;1;1;no
no;179.7;7.6;1;3;no
no;266;13.1;3;6;no
no;96.7;9.7;2;3;no
no;82.7;10.9;0;9;no
no;168.2;10.1;3;3;no
no;286.4;10.7;1;14;si
no;174.3;12.9;3;5;no
si;190.6;13;1;6;no
no;175.5;17.8;4;3;no
no;133.4;11.1;1;7;no
no;204.6;6.6;3;2;no
no;242.2;6.2;3;6;no
no;253.1;11.9;3;4;no
no;130;8.3;0;4;no
no;105.9;12.7;0;7;no
no;194.2;9.3;3;7;no
no;183.8;6.1;1;2;no
no;196.5;10.8;2;2;no
no;184.5;13.7;3;3;no
no;261.9;13.8;0;4;no
no;202.4;9.2;3;5;no
no;167.4;9.5;3;4;no
no;167.7;7.5;1;11;no
no;191.7;11.1;1;4;no
no;240.2;5.2;2;1;no
no;189.1;11.1;1;4;no
no;127.7;10.6;1;7;no
no;205.2;13.4;1;3;no
no;153.6;12.6;2;3;no
no;154.5;13.4;2;3;no
no;153.7;14.1;1;6;no
si;171.2;10.8;1;3;no
no;328.1;8.7;1;3;si
si;145.9;14.4;0;10;si
no;201.2;11.8;1;1;no
no;139.1;11.4;5;9;no
no;118.9;13.2;2;10;no
no;217.6;10.4;2;4;si
no;145;14.6;1;2;no
no;203.5;8.7;3;3;no
no;240.1;8;3;6;no
no;83.8;6.7;1;8;no
no;269.8;10.1;1;8;si
no;126.3;10.6;1;2;no
no;88.1;9.7;2;1;no
no;218.5;9.9;2;4;no
no;236.8;11.2;1;8;no
no;124.1;6.4;3;5;no
si;184.2;10;0;10;no
no;222.7;13.6;4;4;no
no;149.2;11.1;1;5;no
no;206.5;12.2;3;4;no
no;159.7;9.6;3;9;no
no;204.7;7;2;2;no
no;213.2;7.5;1;4;no
si;269.6;8.2;1;6;no
no;116.7;9.7;2;6;no
no;263.4;13;0;4;no
no;140.2;7.1;1;2;no
no;197.7;13.5;1;3;no
no;136.2;13.3;3;7;no
no;88.5;11.5;2;3;no
no;215.3;12.1;0;9;no
no;269.2;8.9;3;2;si
no;203.8;7.3;0;5;no
no;268.4;10.3;0;3;no
no;159.1;10.3;1;4;no
no;114.4;10.1;2;5;no
no;138.9;9.2;2;3;no
no;186;12.2;1;6;no
no;170.4;15.1;0;5;no
no;164.5;9.9;4;3;no
no;168.6;12.3;1;4;no
no;261.2;9.8;0;2;si
no;190.5;13.1;1;5;no
no;181.1;4.2;2;9;no
no;177.1;6.5;3;6;no
no;160.5;11.3;1;4;no
no;134.7;6.6;2;5;no
no;198.2;8.8;2;1;no
si;228.9;10.1;4;2;si
no;241.7;13.1;0;3;no
no;131.1;4.3;1;4;no
no;234.1;13.1;2;9;no
no;200.1;11.9;0;5;no
no;154;10.1;1;7;no
no;224.2;9.8;0;4;no
no;148.3;8.3;3;6;no
no;174.6;8.8;2;5;no
no;138.5;11.1;1;7;no
no;109;12.6;1;2;no
no;162.3;11.1;4;8;no
no;210.8;16.4;2;3;no
no;142.4;11.1;1;7;no
no;223.5;10.6;2;5;no
no;182.5;7.5;2;2;no
no;219.6;10.8;2;4;no
no;193.6;12.9;0;3;no
no;192.4;11;0;6;no
no;236.2;13.3;0;4;no
no;233.2;16.1;0;4;no
no;158.8;9.8;2;4;no
no;126.1;9.8;1;4;no
no;290.4;10.1;3;5;si
no;60.6;13.3;0;7;no
no;148.4;6.9;0;6;no
no;246.5;12.7;2;3;no
no;298.1;9.7;2;4;si
no;119.3;10.9;2;4;no
no;242.5;9.6;0;7;no
si;222.1;13.6;0;2;si
no;236.2;10.1;2;6;si
no;144.2;9.5;0;4;no
no;154.6;12.6;3;1;no
no;137.4;10.2;2;6;no
no;103.7;14.4;0;1;no
no;136.6;12.2;4;2;si
no;289.8;11.7;2;4;si
no;260.9;13.3;3;5;no
si;196.2;15.2;0;1;si
no;195.6;14.2;1;4;no
no;222.2;11.9;4;7;no
si;172.9;9.8;0;1;si
no;249.8;11.6;0;4;si
no;154.5;13.7;1;3;no
no;90.4;12.7;1;2;no
no;268.8;16.4;0;3;no
no;106.1;8.1;1;3;no
no;27;10.7;3;3;no
no;140.1;3.8;1;10;no
no;245;9.7;1;6;no
no;196.7;11.2;3;5;no
no;131.2;10.2;2;6;no
no;149.6;7.4;2;4;no
no;239.8;10.9;1;10;no
no;142.1;11;1;4;no
no;115.4;6;3;3;no
no;193;10.3;2;8;no
no;206.1;13;1;1;no
no;160.3;11.2;0;2;no
no;199.9;11.3;1;7;no
no;213.1;8.9;0;3;no
no;178.3;10.9;3;1;no
si;252.3;12;3;5;si
no;197.7;13.2;4;5;no
no;111.1;6.6;2;3;no
no;96.5;12.5;1;3;si
no;156.9;11.3;3;5;no
no;123.3;12.7;1;2;no
no;193.7;10.8;1;5;no
si;206.9;10.9;0;4;no
no;249.8;12.7;3;4;si
no;144;10;1;7;no
no;299.5;11.6;0;5;no
no;226;12.6;2;4;si
no;137.6;9.6;2;6;no
si;211.7;11.1;1;3;no
no;89.7;9.5;2;4;no
si;197.6;12.5;2;8;no
no;270;12;2;5;si
no;224.7;11.3;3;11;no
no;194.3;10.2;2;2;no
si;47.7;13.2;0;3;si
no;190.1;13;1;2;no
si;89.5;7.9;1;1;si
no;182.6;12.1;0;5;no
no;205.5;6.9;1;4;no
no;231.5;7.4;1;10;no
si;251.3;9.9;3;1;si
no;171.2;13;2;3;no
no;197.9;11.2;2;2;no
no;134.8;6.7;1;8;no
no;191.4;10.3;1;3;no
no;174.5;10.6;0;2;no
no;177.4;10.9;0;4;no
no;182.1;6.8;1;1;no
no;222.4;11.2;0;4;no
si;47.8;13.3;0;7;si
no;121.8;10.3;1;5;no
no;143.5;8.8;3;5;no
no;164.9;7.8;2;4;no
no;193.6;13.1;2;1;no
no;101.1;7.3;0;5;no
no;92.3;11.6;2;3;no
no;168.9;2.9;2;7;no
no;219.2;15;1;5;no
no;178.1;13;0;4;no
no;146.5;14;3;6;no
no;172.3;11.8;1;5;no
no;190.9;13;1;3;no
no;232.1;10.9;3;2;si
no;169.2;12.4;4;4;si
no;123.8;7.3;2;4;no
no;96;9.7;3;4;no
no;93.4;10.9;1;1;no
no;90.6;5.4;1;9;no
no;152.9;5.3;2;6;no
no;257.9;9.4;2;2;no
si;85.2;9;2;3;no
no;160;6.1;1;10;no
no;182.9;11.5;0;4;no
no;216.2;3.1;2;1;no
no;261.7;3.3;0;5;no
no;241.2;8.5;2;4;no
no;177.2;8.4;1;6;no
no;89.5;14;2;3;no
si;200.3;10.4;1;3;no
si;145;11;4;2;si
no;159.5;6.8;2;3;no
no;151.8;11.2;3;8;no
no;176.2;10.6;1;4;no
no;152.1;9.8;0;5;no
no;161.3;9.6;1;3;no
si;171.7;6.8;3;3;no
no;278.9;11.7;0;7;si
no;213;11.1;4;3;no
no;242.9;4.8;1;12;no
no;217.2;12.4;0;2;si
no;175.9;13;1;7;no
no;303.2;11.5;0;3;si
no;238.9;11.8;2;3;no
no;189.6;11.4;2;5;no
no;133.3;11.3;5;5;si
no;92.7;9.9;3;4;no
no;177.2;8.6;3;7;no
no;184.5;10.2;2;6;no
no;176.1;12.1;0;9;no
no;204.7;11;6;4;no
no;143.6;15.5;2;5;no
no;179.3;12.1;1;5;no
no;137.3;10.5;1;2;no
no;237.8;10.2;2;6;no
no;203.7;7.6;2;5;no
no;191.3;17.6;2;5;no
si;209.1;7.8;2;3;no
no;88.8;7.1;3;9;no
no;97.2;12.4;0;5;no
no;137.9;11;1;5;no
no;224.3;10;2;1;no
no;207.6;9.7;1;3;no
no;268.1;14.4;2;6;no
no;166.7;6.8;4;7;si
no;267.1;17.3;1;4;si
no;181.8;9.3;2;3;no
no;147.1;13.7;0;7;no
no;37.7;4.9;1;3;no
no;185;11.4;2;3;no
no;156.4;8.6;2;4;no
no;239.3;10.9;1;3;no
no;215.5;8.8;2;5;no
no;134.9;11.3;1;6;no
no;194.8;12.8;0;3;no
no;239.1;13.3;5;3;no
no;92.6;14.4;3;4;no
no;209.4;7.2;1;4;no
no;197.6;6.4;1;6;no
no;17.6;10.6;1;6;no
si;62.9;8.9;1;8;no
no;202.3;6.7;1;3;no
no;136.1;11.3;0;4;no
no;207;2.6;1;6;no
no;207.9;13.5;1;3;no
si;276.5;7.2;1;3;si
no;313.8;10.1;3;7;no
si;288.5;13;1;5;no
no;210.9;9.4;4;5;no
no;64.9;14.6;1;1;no
no;243.5;9;1;9;no
no;197;8.7;3;3;no
no;278;8.7;0;4;no
no;219.9;10;1;4;no
no;313.2;12.8;2;4;si
no;145.7;11.3;0;7;no
no;75.8;8.2;0;13;no
no;195.9;12.2;3;4;no
no;132;8.7;1;10;no
no;124;11.7;2;2;no
no;171.9;7.6;2;3;no
no;249.4;9.9;4;2;no
si;228.4;7.7;0;7;no
no;168.6;5.9;3;2;no
no;123.7;13.3;0;4;no
no;178.7;8.4;1;4;no
no;113.2;9.5;1;5;no
no;142.4;13.4;2;6;no
no;204.2;8.3;0;4;no
no;149.7;12.6;3;4;no
no;227.1;4.7;5;4;si
no;155.3;12.6;2;5;no
no;156.4;11.8;1;3;no
no;148.7;10.4;0;7;no
no;271.7;6.6;3;4;no
no;193.7;8.8;0;4;no
si;245.5;10.8;1;7;no
no;245.3;10.7;3;2;si
no;196.1;11.9;0;1;no
no;134.1;10.5;2;2;no
si;225;9.1;1;3;no
no;189.7;7.4;0;4;no
no;142.9;6.6;0;4;no
no;175.6;10.2;1;6;no
no;92.4;12.9;2;4;no
no;92.8;8.8;1;5;no
no;221.7;8;0;4;no
no;159.6;8.8;0;3;no
no;144.5;17;2;6;no
no;159.1;11.5;2;6;no
no;49.9;10.1;2;4;no
no;116.9;11;0;9;no
no;150;11.1;3;3;no
no;254.4;6;1;5;no
no;270.7;10.9;3;3;no
no;207;12.1;1;3;no
si;145.3;8.9;0;4;no
no;230.7;13.5;3;2;no
no;151.5;10.8;1;2;no
no;146.1;9.2;0;3;no
no;256;11.5;3;4;no
no;200.2;11.6;3;4;no
no;150.7;7;2;4;no
si;186;12.9;1;4;no
no;212.9;6.3;3;3;no
no;194.8;11.5;0;7;no
no;272.5;8.7;3;6;no
no;135.1;11.7;1;4;no
no;154.6;15.5;1;2;no
no;230.5;10.6;5;6;no
no;165.4;8.2;1;1;no
no;143.3;7.8;4;2;si
no;271.1;9.8;2;5;si
no;253.5;14;0;2;no
no;167.1;9.4;6;1;si
no;168.3;8.4;1;6;no
no;104.7;8.9;1;2;no
no;135.4;10.6;1;2;no
no;191.4;7.2;1;2;no
no;158.7;10.5;1;4;no
no;144.8;8.2;2;4;no
no;98.8;10;3;4;no
si;157.8;10;3;2;si
no;163;11.6;1;5;no
no;181.6;8.3;4;6;no
no;129;11.2;2;3;no
no;86;8.9;1;4;no
no;193.9;12.6;0;7;no
no;109.4;7.1;0;7;no
no;188.9;10.2;2;2;no
si;179.9;13.8;1;2;si
no;183.4;8.2;1;8;no
no;288.1;0;0;0;no
no;169.2;4.6;2;4;no
si;195.5;13.5;1;9;si
no;264.4;11.3;2;3;no
no;207.7;9.6;0;5;no
no;169.5;8.7;0;4;no
no;141.5;3.4;2;4;no
no;154.8;12.8;0;4;no
si;133.5;11.7;1;4;no
no;273.2;13.1;2;7;si
no;224.6;12.5;2;8;no
no;273.8;5.8;2;3;si
no;159.5;10.1;1;2;si
no;104;14.6;0;8;no
no;115.4;13.1;1;4;no
no;222.1;9.4;2;3;no
no;116.4;10.5;3;3;no
no;217.7;0;3;0;no
no;129.4;13.3;0;3;no
no;161.8;13.7;0;4;no
no;198.8;11.5;1;5;no
no;147.8;14;1;5;no
no;262.3;6.6;3;5;no
no;246.4;7.6;1;7;no
no;174.3;9;4;6;si
no;183.4;9.9;4;4;no
no;191.9;18.2;1;3;no
no;187.8;10.1;2;3;no
no;259.7;10.2;0;2;no
si;180.4;8.4;0;5;no
no;51.8;10.4;2;4;no
no;303.9;5.8;1;3;si
no;123.7;8.8;1;4;si
no;206.2;12.6;3;7;no
no;164.3;11.8;2;1;no
no;228.6;10.1;9;2;si
no;200.4;7.6;1;5;no
no;154.3;10.9;0;8;no
no;122.9;9.6;2;2;no
si;220.8;6.4;0;3;no
no;214.6;13.9;0;2;no
si;202;7.4;2;2;si
no;209.5;9.1;6;6;si
no;297.9;8.9;1;5;si
no;212.8;10.6;0;4;si
no;145.6;12.2;0;5;no
no;152.9;10.8;2;6;no
no;125.4;11;1;7;no
no;138.3;8.3;0;8;no
no;189.3;11.2;3;5;no
no;199.3;14.3;4;2;no
si;247.5;10.6;2;3;no
no;294.9;13.2;1;5;si
no;175.4;11.5;1;3;no
no;179.4;11.2;1;5;no
si;126.8;8.4;0;4;no
si;239.7;11.4;1;1;si
no;143;15.3;5;4;si
no;91.9;13;2;7;no
no;210.4;15.5;1;4;no
no;201.3;6.4;1;6;si
no;145.6;9.2;2;4;no
si;203.5;13.4;1;6;si
no;232.4;10.5;1;2;no
no;86.5;8.7;2;2;no
no;109.9;10.9;0;6;no
no;156;9.3;1;5;no
no;326.3;7.5;1;1;si
no;195;14.8;0;9;no
si;110;6.4;0;7;no
no;147.1;9;5;3;si
no;156;11.9;2;5;no
no;98.2;9.3;2;4;no
no;210.6;11;0;5;no
no;239.9;8.9;2;4;si
si;159.9;11.6;2;2;si
no;197.8;10.9;4;3;si
no;115.4;15.2;2;6;no
no;123.8;3.7;0;2;no
no;117.6;6.4;1;3;no
no;105.3;8.6;2;6;no
no;111.7;13.1;1;6;no
no;159.3;9.5;2;3;no
no;81.7;11.3;6;3;si
no;238;10;2;5;no
no;128.1;15.6;0;3;no
no;171.2;10.2;1;4;no
no;109;13.3;4;3;si
no;220;12.1;2;3;no
no;55.6;11.3;0;4;no
no;286.6;10.3;1;6;no
no;207.6;13.3;1;2;no
no;109.6;8.3;4;4;si
no;197.2;11;2;5;no
no;175.7;14.6;1;4;no
no;205.2;7;0;6;no
no;193.1;12.1;1;4;no
no;232.6;4.7;3;3;no
no;102.7;11;0;5;no
no;263.1;9.7;5;4;no
no;197;11.6;1;5;no
no;169.3;11.6;2;6;no
no;201.5;12.9;1;4;no
no;251;13.8;3;3;no
no;230.4;7.6;3;6;no
no;109.8;11.9;1;6;no
no;279.5;10.7;2;4;si
no;173.4;13.7;1;6;no
no;214.4;10;1;8;no
no;96.1;9.7;1;4;no
no;101.4;7.1;1;6;no
no;232.5;10.4;4;6;no
no;174.5;12.2;1;2;no
no;224;8.8;1;4;no
no;211.1;14.7;4;7;no
no;109.2;9.8;2;5;no
no;220;11.5;0;5;no
no;181.4;10.9;2;4;no
no;180.7;10.1;2;4;no
no;96.5;9.4;1;2;no
no;183.5;8.3;3;5;no
no;107.9;10.5;0;2;no
si;161;7.7;1;6;no
si;146.8;4.3;1;2;si
no;149.2;8.3;3;2;no
no;227.8;5.6;3;4;no
no;160.3;7.4;0;3;no
no;137.8;10.2;1;6;si
no;141.7;8.5;0;7;no
no;196.4;9.3;0;1;no
no;175.2;5.3;1;3;no
no;146.8;9.9;1;3;no
no;173.9;9.1;1;7;no
no;305.2;13.2;1;7;no
si;162.3;11.7;3;2;si
si;150;10.3;3;7;no
no;197.5;11.3;1;4;no
no;240.2;10.2;2;6;no
no;186.2;12.9;2;3;no
no;116.9;12.3;0;2;no
no;236.7;12;1;4;no
no;173.2;5.4;0;3;no
no;152.2;9.8;0;3;no
no;181.3;6.7;0;2;no
no;167.8;10.5;4;6;si
no;175.4;9.8;1;9;no
no;87.6;9.8;2;10;no
no;203.3;8.5;0;6;no
no;92.6;11.3;5;3;si
no;262.9;8.1;1;4;no
no;160.8;8.5;1;3;no
no;141.8;7.8;1;3;no
no;50.6;4.2;2;4;no
no;134.9;10.2;1;5;no
no;252.1;13.8;1;3;no
no;215.5;9.6;1;3;no
no;124.8;13.4;0;4;no
no;178.7;16.4;2;5;no
no;183.2;9.9;2;5;no
no;167.5;13;1;1;no
no;147.1;12.5;3;9;no
no;230.1;13.2;1;4;no
no;135.8;12.6;0;3;no
no;205.7;8.7;2;3;no
no;73.8;10.9;2;3;no
no;189.3;10;2;1;no
no;147.2;7.2;3;6;no
no;137.3;10.2;0;3;no
no;70.7;0;2;0;no
no;204.6;10.7;0;5;no
no;123.1;12;5;2;si
no;129.7;12.2;2;3;no
si;198.7;12.4;0;4;no
no;145.1;7.9;2;5;no
no;135.2;8.4;2;5;no
no;124.7;7.8;1;8;no
no;215.9;12.1;1;4;no
no;119.2;8.4;2;9;no
no;144.3;7.8;3;10;no
no;235.2;11.8;1;4;no
no;174;9.7;0;2;no
si;115;6.4;0;1;si
no;151.7;13.1;2;8;no
no;153.1;9.9;3;9;no
no;218.6;9.2;2;5;no
no;265.2;10.7;2;9;no
no;143.3;10.1;1;4;no
no;190.3;7.2;2;9;no
no;184.7;12.3;2;6;si
no;115.3;18;1;2;no
no;113;9.2;2;5;si
no;294.2;9;0;1;si
no;215.6;6.4;3;8;no
no;128.8;14;1;7;no
si;211.2;10.7;3;2;si
no;71.2;12.9;1;1;no
no;94.9;14.2;2;2;no
no;259.4;9.5;1;3;si
no;215.8;6.9;1;3;no
no;97.5;13.2;3;4;no
no;146.5;8.2;0;5;no
no;157.9;12.2;2;5;no
no;139.9;12.7;2;4;no
no;153.2;11.9;1;7;no
si;103.5;8.4;2;4;no
no;185.8;6.6;1;4;no
no;129.5;10.9;1;3;no
no;236.6;8.9;1;2;no
no;260.4;10;6;2;no
no;167.3;6.7;2;5;no
no;182.2;9.3;2;4;no
no;113;10.8;2;4;no
no;185.7;16.9;0;6;no
no;136.2;9.6;0;5;no
no;222.6;11.5;1;2;no
no;197.3;9;1;6;no
no;141.4;7.7;1;6;no
no;208;8;1;11;no
no;118.5;12.1;1;4;no
no;153.2;10.7;1;8;no
no;108.3;13.5;0;2;no
no;168.6;14.4;2;8;no
no;247.2;9.3;2;2;si
si;224.2;12;3;8;no
no;166.9;12.8;3;4;no
no;118.4;8.5;1;6;no
no;190.9;7.8;2;3;no
no;317.8;10.4;1;7;si
no;312;12.8;1;4;si
no;146;13.3;1;2;no
no;131.6;15.5;1;3;si
no;193.4;11.1;2;11;no
no;185.1;8.5;2;5;no
no;193.3;11.8;0;4;no
no;146.4;7.8;1;2;no
no;71.2;8.6;0;4;no
no;123.2;12.9;4;5;si
no;205;7.5;2;4;no
no;128.7;12.8;1;6;no
no;216.9;11.4;3;5;no
no;150;9.8;3;1;no
no;164.1;11.4;1;2;no
no;212;8.9;3;7;no
no;167.3;12;2;9;no
no;154.4;13.9;1;4;no
no;177.3;9.3;3;7;no
no;231.2;8.8;1;5;si
no;202.9;12.8;5;3;no
no;149.6;14.3;0;9;no
si;345.3;11.8;1;8;si
no;264.9;8.4;1;4;si
no;122;5.8;1;5;no
no;177.2;14;2;2;no
no;133.1;10.3;1;8;no
no;225.1;8.8;0;4;si
no;208.4;11.2;1;4;no
no;173.1;11.5;1;5;no
si;162.4;11.4;2;2;si
no;281.2;6.4;2;5;no
no;208.3;15.9;3;4;no
no;243.4;14.1;2;8;no
no;224.2;16.1;1;3;si
no;189.3;9.9;3;3;no
no;168.3;6.7;4;2;no
no;232.9;10.7;1;6;no
no;155;5.9;1;4;no
no;154.4;11.8;0;3;no
no;234.7;8.4;2;8;no
no;240;7.1;1;9;no
si;298.4;12.2;0;2;si
no;166;10.9;1;4;no
no;111.6;16;0;3;no
no;174.5;10.7;2;2;no
si;175.5;6.9;1;5;no
si;157.5;11.1;3;2;si
no;206.2;11;1;7;no
no;207.5;7.5;4;16;no
no;144.8;11.6;4;2;no
no;258.8;10.9;2;7;no
no;226.9;11.6;0;2;si
no;152.9;12;2;5;no
no;156.7;12.6;2;6;no
no;150.8;12.5;1;1;no
no;221;6.8;4;3;no
no;322.4;6.7;1;3;si
no;153.6;9.8;2;3;no
no;215.1;12.4;2;2;no
no;174.4;11.8;1;3;no
no;180.5;10.6;0;3;no
no;123.1;12.6;2;7;no
no;165.7;10;1;4;no
no;200.2;6;2;6;no
no;154.8;5.9;3;9;no
no;125.4;11.4;2;9;no
no;184.2;12.2;1;4;no
no;274.7;10.8;3;3;no
si;142;11.3;1;5;no
si;151.5;10;1;4;no
no;124.8;10.6;3;7;no
no;179.2;12.4;0;2;no
si;246.4;12.1;2;2;si
no;232.7;11.5;5;6;no
no;288;13.4;0;4;si
no;170.8;12.7;1;1;no
no;216.1;9.8;1;3;no
no;138.7;4.9;2;4;no
no;210.7;9.2;3;5;no
no;181.8;9.7;0;9;no
no;61.6;12.4;1;5;no
no;207.7;6.8;1;3;no
no;219.2;10;1;5;no
no;227;8.9;2;1;no
no;245.9;8.9;3;5;no
no;257.3;13.5;0;7;no
no;121.1;16.1;2;5;no
no;301.5;13.4;4;2;si
no;233.9;9.5;0;3;no
si;99.6;13.7;2;6;si
no;169.8;12.7;2;7;no
si;198.8;14.4;1;3;si
si;116.2;10.1;3;3;no
si;255.9;12.1;1;2;si
no;187.7;10;3;4;no
no;195.9;8.6;0;4;no
no;129.4;1.1;2;2;no
no;221;9;2;6;no
no;140.5;9.5;2;5;no
si;277.9;9.2;0;10;si
no;224.9;6.7;3;5;si
no;109.1;12.8;0;6;no
no;207.8;5.7;0;9;no
no;205.9;12.1;0;8;no
no;308.6;7.3;4;3;si
no;242.6;14.4;2;6;no
no;229.6;3.3;1;3;no
no;166;7.7;2;3;no
no;144.8;13.3;0;9;si
si;106.1;12.9;0;3;no
no;221.8;13.2;1;4;no
no;204.6;9.8;2;7;no
no;213.5;14.1;3;3;no
no;152;10;2;1;no
si;260.8;17;1;6;si
no;166.4;10;1;2;no
no;177.9;15.2;0;8;no
no;235.1;7;3;7;no
no;186.8;9.7;2;4;no
si;268.4;11.6;1;4;no
no;192.1;7.3;3;3;no
no;240.7;10.1;0;3;si
no;179.9;9.8;2;7;no
no;314.1;12.3;3;5;si
no;162;11.9;0;5;no
no;175.8;12.4;1;4;no
no;109.4;11.6;0;5;no
no;255.1;8.5;3;5;si
si;208.7;8.3;3;3;no
no;214.6;7.9;1;5;no
no;49.2;12.1;1;13;no
no;141.3;11.2;2;3;no
no;253.2;9.7;4;7;no
no;206;13.2;0;3;no
no;40.4;9;2;2;no
no;291.2;8.9;1;3;si
no;71.2;11.7;0;3;no
no;261.8;14.7;0;4;si
no;191.3;10;1;3;no
no;133.3;11.6;0;2;no
no;183.6;6;2;3;no
no;155.2;15.4;1;6;no
no;283.1;6.1;1;8;no
no;186.5;12.1;2;4;no
no;163.3;4.3;0;6;no
no;203.4;13.8;1;2;no
no;178.1;10;1;6;no
no;195.9;10.3;1;3;no
no;295.3;9.6;1;6;no
no;136.1;10.1;2;5;no
no;114.1;13;2;9;no
no;279.1;9.5;2;11;si
no;169.3;12;0;3;no
no;214.4;9.9;2;1;no
si;255.8;11.7;0;3;no
no;148.2;6.2;2;3;no
no;119.3;8.7;2;4;no
no;192.3;14.8;1;8;no
no;245.2;13.9;0;6;si
si;216.2;16.9;5;2;si
no;172.4;0;2;0;no
si;175.3;11.1;1;3;no
si;169;13.3;0;3;si
no;2.6;9.2;3;5;no
no;184.1;9.9;1;2;no
no;181.9;7.5;1;3;no
no;160.1;10.8;0;9;no
no;189.8;10.3;0;1;no
no;223.2;12.4;1;2;no
no;216;10.7;2;1;no
no;198.5;8;2;7;no
no;159.5;7.1;1;7;no
no;105;10.2;2;2;si
no;204.5;13.4;3;1;no
no;274;6.2;0;1;si
no;158.7;7.7;2;10;no
no;229.9;14.2;1;6;no
no;137.8;8.7;1;6;no
no;179.4;7.9;0;4;no
no;139.3;8.1;3;1;no
no;7.8;12.9;2;2;no
no;183.1;11.3;1;7;no
no;206.9;10.7;0;3;no
no;140;12.5;2;1;no
no;179.2;5.8;2;7;no
no;177.4;12;0;3;no
no;115.6;12.6;1;9;no
si;237.3;14.2;0;4;si
no;181.5;10.5;1;7;no
no;51.5;9.5;3;4;no
no;155.7;8.2;3;2;no
no;245;14.9;2;3;no
no;131.7;10.7;1;3;no
si;111.1;10.5;1;6;no
no;88.5;8.2;3;4;no
no;116;12;1;2;no
no;155.5;9.1;1;2;no
no;106.5;5.7;2;3;no
no;175.2;13.2;1;6;no
no;154.7;5.9;4;2;si
no;247.2;6.1;2;5;si
si;218.4;13.2;0;3;si
no;227.5;9;1;13;no
no;185;7.4;0;7;no
no;186.8;12.3;2;6;no
no;158.8;10.3;1;3;no
no;208.7;8.5;0;4;no
no;185.9;11.3;3;4;no
no;222.5;9;2;3;no
no;201.1;11.6;3;3;no
no;167.9;9.1;1;2;no
no;239.1;10.9;3;3;si
no;175.7;9.2;5;3;si
no;111.2;9;6;6;si
no;87.7;10.8;1;6;no
no;244.1;7.2;0;2;no
no;165;7.7;2;4;no
no;127.4;9.1;0;3;no
no;194.8;5.5;0;3;no
no;54.7;11.1;1;4;no
no;283.4;14.4;2;7;no
si;258;10.9;0;3;si
no;90.5;9.3;1;2;no
no;235.6;16.2;0;2;no
no;142.5;10;2;4;no
no;54;10.2;1;8;no
no;214.8;9.4;3;3;no
si;251.4;11;0;2;si
no;139;6.1;4;3;no
no;117.3;14.4;2;2;no
no;264;10.6;3;8;no
no;82.6;9.1;1;4;no
si;175.8;11.4;1;5;no
no;220.4;13.6;2;8;no
no;217;11.8;2;4;no
no;129;11.6;1;5;no
no;150.5;3.5;1;3;no
no;193.3;11.1;0;4;no
no;189.5;10.8;2;5;no
no;137.8;11;2;6;no
no;129.3;12.3;3;4;no
no;115.6;10.7;1;6;no
no;221.9;7.2;2;5;no
no;263.7;18.3;1;6;si
no;61.3;11.4;1;9;no
si;183.8;10.1;1;4;no
no;167.4;10.3;0;3;si
no;154.1;13.2;4;2;no
no;252;5.7;0;5;no
si;163.1;11.2;0;3;no
no;198.3;16.6;2;4;no
no;324.7;13.1;0;5;si
no;128.3;14.3;2;9;no
no;187.9;10.2;2;11;no
no;129.2;10.3;5;4;si
si;125.5;6.3;4;6;si
no;257.2;12.6;1;4;no
no;124.6;10.5;1;6;no
no;175.1;9.9;1;3;no
no;124.3;7.5;3;5;no
no;271.6;11.6;2;9;no
no;219.9;11.7;1;7;no
no;183.3;10.4;3;15;no
no;101.1;10.3;2;5;no
no;203.3;14.3;1;3;no
no;175.4;10.5;2;3;no
no;266;14.2;2;2;si
no;171.6;10.8;0;7;no
no;78.7;14;0;8;no
no;211.9;9.4;0;2;no
no;63.7;10;1;6;no
no;173.4;11.5;1;4;no
si;237.7;4.5;0;4;no
no;225.9;10.1;1;4;no
si;173;12.2;0;4;no
no;224.9;8;0;2;no
no;237.7;7.7;1;4;no
no;137;10;2;5;no
no;142.5;8.2;2;3;no
no;142.4;4.6;1;4;no
no;147;8.7;2;3;no
no;220.3;10.6;1;4;no
no;149.2;8.1;1;2;no
no;204.4;10;0;4;no
no;216.8;5.6;1;2;no
no;308;7.4;1;3;no
no;58;11.5;0;3;no
no;173.2;11.8;2;6;no
no;210.3;13.1;4;3;no
no;58.9;12.1;0;6;no
no;236.8;9.7;3;3;no
no;228.9;12.5;0;2;no
no;90;8.6;2;6;si
no;146.7;11.1;2;4;no
no;237.3;11.2;1;6;no
si;162.8;13.6;0;3;si
no;186.9;8.9;1;2;no
no;86.1;9.1;2;9;no
no;212.3;11.3;2;2;no
no;151;9.2;2;2;no
no;158.6;6.9;2;5;no
no;296;12.3;0;10;si
no;212.3;6.6;3;2;no
no;234.4;10.4;3;6;no
no;176.8;6.5;2;3;no
no;157.3;9.6;0;6;no
no;146.6;10;1;2;no
no;260.5;9.8;1;5;no
no;146.1;6.2;1;3;no
si;124.5;11.4;2;2;si
no;209.4;9.8;1;11;no
no;285.7;8.7;1;4;si
no;190.9;8.4;1;2;no
no;144.4;9.9;1;3;no
no;208.8;11.1;2;4;no
no;77.6;10.9;1;2;no
no;271.1;8.4;1;6;si
no;240.8;11.6;0;1;no
no;114.8;12.2;0;5;no
no;138.8;11.8;1;7;no
no;209.8;7.2;0;6;no
no;134.9;14.7;3;2;no
si;164;6.4;0;4;no
no;245.5;9.1;1;4;no
no;80.3;16.6;0;3;no
no;90.7;5.6;2;5;no
no;190.3;3.8;1;4;no
no;108.6;7.9;1;5;si
no;89.8;9.3;4;7;si
no;252.4;10;2;3;no
no;183.4;6.7;5;4;no
si;183.4;10.4;2;9;no
no;155.2;3.8;3;9;no
no;165.8;0;1;0;no
no;209.4;12.8;0;1;no
no;279.3;7.9;2;2;si
no;174.1;7.7;2;2;no
no;175.7;9.1;2;2;no
si;256.5;13;1;3;no
no;170.2;4.3;0;3;no
no;139.6;10.8;1;4;no
no;208.8;12.5;4;4;no
no;210.1;14.4;4;2;no
no;113.6;10.5;2;6;no
no;202.6;8.3;0;3;no
no;174.4;0;4;0;no
no;210.6;9.4;0;5;no
no;121.5;10.7;1;4;no
no;127.8;15.9;2;2;no
no;135.2;10.2;2;2;no
no;99.4;16.7;2;3;no
no;276.9;10.3;1;3;si
no;163.4;11.6;2;2;si
no;287.4;5;4;3;si
no;120.5;10.2;1;3;no
no;184.1;9.8;2;3;no
no;185;14.9;3;4;no
no;160.9;12.9;1;12;no
no;207.6;10.9;2;6;no
no;209.2;11.8;1;6;no
si;158.4;2.1;1;4;no
no;149;8.6;2;3;si
no;204.5;9.8;0;2;no
no;288.8;9.5;0;2;si
no;108.6;13.4;0;4;no
no;97.5;7;1;5;no
no;166.5;13.3;0;5;no
no;156.2;7.3;1;5;no
no;225.2;11.5;4;1;no
si;287.4;10;1;3;si
no;175.3;7.8;0;2;no
no;102.1;9.8;0;5;no
no;157.9;14;0;2;no
no;146.5;4.1;1;4;no
no;245.8;9;1;13;si
si;177.7;10.5;1;5;no
si;250.8;10;2;5;no
no;117.8;11.8;0;4;si
no;119.7;12.9;2;7;no
no;242.2;8.2;5;3;si
no;163.4;9.8;7;4;no
no;161;8.4;3;4;no
no;128.7;10.3;1;5;no
no;81.6;8.6;1;18;no
no;207.7;7.3;1;1;no
no;128.6;6.3;6;2;si
no;233.3;9.1;1;4;no
no;182.1;10;5;3;si
no;168;8;6;2;si
no;251.6;5.4;1;5;no
no;183.8;11.6;0;7;no
no;256.4;7.9;3;1;si
no;180.2;8.4;1;3;no
no;227.8;8;1;5;no
no;147.8;10.2;0;6;no
no;234.9;13.9;1;2;si
no;110.9;7.9;2;2;no
no;124.5;6.4;1;12;no
si;233.5;9.6;0;2;si
no;197.3;10.1;2;4;si
no;58.2;10.4;0;5;no
no;212.7;7;1;6;no
no;151.5;11.8;0;4;no
si;146.3;11.5;1;5;no
no;195.1;6.7;0;2;no
no;208.9;13;1;5;no
no;135.7;8.8;7;3;si
no;225.9;14.3;3;3;si
no;122.2;9.7;1;6;no
no;153.3;8.9;2;5;no
no;214;7.9;1;4;no
no;194.8;10.8;1;6;no
no;206.7;11;3;5;no
no;188;10.5;2;3;no
si;122.3;13.7;3;3;si
no;259.3;12;3;5;no
si;115.1;13.8;2;3;si
no;172.9;8.3;1;6;no
si;156.4;7.3;1;5;no
no;128.1;11.6;1;3;no
no;196.6;12.5;1;3;no
no;227.9;5.5;1;7;si
no;194.9;13.2;2;2;no
no;44.9;13.3;1;3;no
no;262.8;7.8;0;2;no
no;211.2;12.3;0;3;no
no;204;9.6;1;5;no
no;223.2;14.5;3;4;no
no;119;11.5;1;3;no
no;266.1;8.9;3;8;si
no;134.4;9.4;1;3;no
no;171.1;16.2;1;3;no
no;170.5;10.5;2;2;no
no;178.5;9.9;1;7;no
no;205.2;14.1;3;5;no
no;232.8;13;0;2;no
no;239.9;6.7;5;3;no
no;55.6;12.1;2;3;no
no;153.5;10.6;1;3;no
no;109.8;11.1;1;3;no
no;196.1;5.2;2;6;no
no;166.8;11.8;0;4;no
no;113.2;7.1;2;7;no
no;203;14.6;1;9;no
no;242.8;6;5;3;no
no;156.5;12.2;2;2;no
no;266.7;13.8;3;3;si
no;182;9.8;1;4;no
no;85.9;10.1;0;2;no
no;146.6;2.9;0;7;no
no;110.5;13.9;4;2;si
no;118.6;11.5;1;5;no
no;197.6;15.6;2;12;no
no;210.3;10.8;6;4;no
no;220.3;9.4;4;6;no
no;150;12.5;1;6;no
no;161.7;9.2;0;4;no
no;191.4;14;3;5;no
si;146.7;12.5;3;3;no
no;109.4;7.8;1;7;no
no;144.1;13.6;1;3;no
no;248.9;11.2;1;8;no
no;85.7;11.6;4;3;si
no;214.8;9.4;3;5;no
no;158.9;6.5;0;4;no
no;110;6.4;2;3;no
no;152.8;10.5;1;2;no
no;145.6;10.5;0;4;no
no;93.3;6.5;0;4;no
no;216.8;8.3;0;2;no
no;201.9;9;1;2;no
no;146.4;8.5;1;2;no
no;272.7;10.5;2;3;si
no;18.9;14.8;1;4;no
no;172.8;12.8;2;5;no
no;190.2;14;0;6;no
no;130.6;15.6;3;3;no
no;158.4;13.5;4;4;si
no;166.5;15.6;1;2;no
no;129.3;12.9;2;2;no
no;199.3;7;0;10;no
no;185.1;9.1;0;7;no
no;175.4;9.7;2;2;no
no;263.4;10.7;2;2;no
no;94.2;7.3;1;3;no
no;189.4;7.1;3;8;no
no;118;11.8;2;2;no
no;212.1;8.4;3;5;no
no;222;12.4;2;6;no
no;222.8;13;0;4;no
no;190;12.2;1;2;no
no;271.8;8.7;4;2;si
no;195.4;8.4;3;6;no
no;199.6;7.2;3;5;no
no;100;10.1;0;4;no
no;160.6;9.5;2;1;no
no;158.7;9.9;1;3;no
no;154.5;12;3;2;si
no;192.3;6.3;1;12;no
no;305.1;8.5;0;5;si
no;193;7.4;2;5;no
no;72.5;6.6;1;3;no
no;105.2;6.3;2;3;no
no;180.5;10;2;3;no
no;214.7;14.3;0;2;no
no;86.8;13.2;1;3;no
no;131.5;7.9;5;2;si
no;135.4;17.5;0;4;no
no;174.3;5.9;6;3;no
no;203.9;12.1;3;4;no
no;235.5;12.5;0;5;no
no;157;12.1;2;2;no
si;111.9;10;3;7;no
si;236.3;11.2;3;8;no
no;163.6;8.6;0;9;no
no;213.6;8.9;1;3;no
no;143.4;9.4;3;4;no
no;78.3;12.1;1;4;no
no;97.1;10.6;1;3;no
no;94.1;10.1;0;2;no
no;226.3;8.2;2;3;si
no;133.8;10.5;1;2;no
no;190.3;10.6;1;4;no
no;294.9;9.8;3;5;no
no;185.4;10;2;11;no
no;179.5;12;0;4;no
no;158;10.1;0;10;no
no;173;10.4;0;2;no
no;134.2;8.2;1;5;no
no;125.2;12.6;3;9;no
no;195.9;13.2;2;1;no
no;214.2;10.3;0;2;no
no;221.1;9.5;0;1;no
no;132;11.6;1;5;no
no;157.6;9.1;1;4;no
no;110.3;11;2;8;no
si;161.5;11.2;0;13;no
no;171.8;10.6;1;7;no
no;211;11.4;1;5;no
no;139.3;9.3;7;3;si
no;291.6;14;2;9;si
no;139;12.1;0;1;no
no;234.8;10;4;1;no
no;187.6;8.8;1;1;no
no;159.8;13.1;2;7;no
no;177.1;5.2;1;5;no
no;117.9;11.4;0;10;no
no;247.6;10.8;2;6;no
no;169.9;8.5;1;7;no
no;185;14.1;3;3;no
no;204.9;11.3;0;5;no
no;225.5;9.4;3;2;no
no;169.7;10.5;4;3;si
no;239.3;10.6;0;6;no
no;113.3;11.7;4;2;si
no;161.9;10.2;3;11;no
no;133.3;5.6;2;4;no
no;170.7;8.7;3;1;no
no;189.7;8.3;5;3;no
no;322.3;7.8;2;5;si
no;124.4;10.4;2;4;no
no;146.9;11.4;3;5;no
no;192.6;10.8;1;3;no
no;96.3;10.3;1;2;no
no;131.9;14.7;3;5;no
no;147.2;13.3;2;3;no
no;143.1;7.1;2;5;no
no;280.4;15.2;5;6;no
no;237.2;10.7;1;4;no
no;184.2;12.8;2;4;no
no;109.1;10;3;4;no
no;138.1;10.3;5;2;si
no;186.8;8.8;3;4;no
no;155.4;13.9;1;5;no
no;245.3;8.5;4;4;no
si;205.9;11;0;2;si
no;207.2;11.9;1;4;no
no;151.5;10.7;2;5;no
no;221.9;7.1;0;5;si
no;190;9.5;1;4;no
no;220.8;10.5;2;4;no
no;173.7;6.3;2;3;no
no;114.8;9.6;2;4;no
no;113.8;10.4;3;1;no
si;143.2;6.2;4;4;si
no;184.4;9.3;3;5;no
no;227.4;7.8;1;6;no
no;224;2.1;0;5;no
no;216.2;10;2;5;no
no;129.9;13.3;0;3;no
no;230.1;6.9;2;3;no
no;204.4;11;1;5;no
no;216.6;9.1;1;3;no
no;247.5;10.2;2;2;si
no;228.1;9;1;2;no
no;225.9;11.2;1;4;si
no;103.5;12;4;3;si
no;115.5;7.5;0;6;no
no;218.8;9.7;1;6;no
no;223.8;12.3;3;5;no
no;143.8;12.9;3;4;no
no;29.9;8.6;2;6;no
no;276.7;8.3;0;3;no
no;141.4;8.1;0;4;no
no;153.9;12.8;1;5;no
no;190.5;13.8;0;5;no
no;192.6;9.4;1;4;no
si;151.8;12.2;1;4;no
no;215.6;10.1;5;4;no
no;180;7.8;3;8;no
no;157.3;8.4;2;4;no
no;196.5;6.8;0;3;no
no;240.3;11.9;0;3;no
no;193.3;9.4;3;6;no
no;211.9;5.4;1;4;no
si;218.7;8.2;1;5;no
si;246.8;13.2;0;5;si
no;174.7;15.8;6;3;si
no;240;9.3;0;2;si
no;181.2;5;2;3;no
no;113.7;10.8;1;3;no
no;174.7;13.4;0;1;no
no;211.1;9.7;2;9;no
no;169.3;12.2;1;3;no
no;247.4;11.3;0;2;no
no;131.2;12.8;2;2;no
no;161.4;11.8;1;5;no
si;107.2;9.7;1;4;no
no;211.9;8.8;1;5;no
no;160.4;6.9;3;4;no
no;230.7;6.4;1;3;no
no;232.6;10.5;1;9;no
no;294.7;10.8;1;3;si
no;133.4;10.2;1;13;no
no;306.2;11.7;0;2;no
no;236.8;10.4;2;5;no
si;125.7;14.2;3;6;si
si;168.4;11.4;1;3;no
no;70.9;12;2;6;no
no;105;3.7;0;4;no
no;152.1;12;1;7;no
si;180.9;8.8;3;9;no
no;156.6;9.4;1;6;no
no;180.5;2.4;0;3;no
no;238.8;13.2;1;8;no
no;182.1;13.4;2;9;no
no;139.6;8.8;2;2;no
no;200.3;10.2;0;5;no
no;153.5;8.5;1;6;no
si;128.2;11.7;3;6;no
no;159.5;16.7;2;2;no
no;226.4;12.3;3;4;si
no;251.9;8.4;2;3;no
no;264.5;7.5;2;4;si
no;153.7;10.7;0;2;no
no;232.1;15;5;6;no
no;201.9;7.8;1;10;no
no;186.9;4.2;1;14;no
no;196.6;6.6;1;5;no
no;232.1;9.9;1;3;no
no;166;6.3;0;7;no
no;200.6;2.5;1;5;no
no;141;4.9;3;2;no
no;245;7.5;0;8;no
si;140.8;10.9;1;7;no
no;255.1;8.8;3;3;si
no;125;10.2;2;7;no
no;180.6;5;1;3;no
si;248.7;11.3;1;2;si
no;178.1;8.4;0;2;no
si;122.2;10.3;5;9;si
no;231.3;7.2;1;7;no
no;111.2;12.6;3;2;no
si;103.2;11.9;0;2;si
no;138.4;3.9;4;9;si
no;146.3;11.5;0;3;no
no;206.3;11.7;0;6;no
no;132;13.5;0;4;no
no;274.6;9.2;2;4;no
no;185.3;11.7;0;3;no
no;154.8;9;1;4;no
no;179.2;14.7;1;5;no
si;286.2;11;2;4;si
no;268;17;3;1;no
no;137.5;13.3;2;5;no
no;243;13.4;2;5;no
no;134.9;15;1;2;no
no;234.2;13.9;1;2;no
no;175.1;7.3;1;6;no
no;142.2;10.1;1;5;no
no;132.4;6;2;1;no
no;97.8;5.9;0;2;no
no;266.9;11;3;6;si
no;155.2;9.7;3;4;no
no;200.2;8.8;1;3;no
no;289.1;12.7;2;2;si
si;198.4;10.5;1;5;no
no;180.3;12.8;2;6;no
no;86.3;12.5;2;1;no
no;295;12.9;2;4;si
no;240.9;14.7;3;8;no
no;207.7;8;1;5;no
no;128.5;0;1;0;no
no;224.4;8.8;1;2;no
no;164.9;10;2;9;no
no;238;10.6;2;6;no
no;231;8.3;2;5;no
no;107.3;10;4;3;si
no;185;5.1;1;8;no
no;244.1;7.7;3;4;no
no;238.4;12.4;3;4;no
no;141.1;13.2;1;2;no
no;158.1;11.8;0;7;no
no;220.1;13.1;0;8;no
no;199.5;10.9;4;3;si
no;109.5;4.9;1;9;no
no;187.2;13.2;1;5;no
no;107.9;0;0;0;no
si;172.1;13.9;1;20;si
no;203.8;11.7;1;4;no
no;160;9.1;0;4;no
no;51.1;12.3;1;3;no
no;227.7;11.7;1;5;no
no;203.8;9;1;2;no
no;241.7;11.3;1;3;no
no;78.1;12.3;1;4;no
no;187.8;11;2;4;no
no;127.1;7.1;1;3;no
no;280;10.4;0;4;si
si;153.2;7.8;1;3;no
no;137.1;11.5;2;7;no
si;186.1;13.8;4;5;si
no;224.1;11.5;2;7;no
no;83.6;8.1;1;3;no
no;203.9;17.8;4;4;no
no;211.3;13.3;1;6;no
si;219.4;12;4;4;no
no;190.4;13.6;2;17;no
no;147.7;6.9;2;5;no
no;229.9;14.2;2;4;no
no;102.8;10;1;5;no
no;178.7;9.1;1;4;no
no;148.5;6.5;0;4;no
no;164.1;12.3;0;9;no
si;197.2;7.8;1;8;no
no;124.9;11.6;2;4;no
no;115.4;15.9;3;6;no
si;140;9.7;4;4;si
no;193.9;13.2;3;8;no
no;321.1;11.5;4;2;si
no;118.4;13.6;5;3;si
no;169.8;11.6;1;4;no
no;193.4;9.3;2;4;no
no;106.6;14.9;1;7;no
no;134.7;11.8;2;5;no
no;156.2;9.9;2;6;no
no;231.1;9.6;3;4;no
no;180.8;14.1;2;6;no
si;213.8;5;2;10;no
no;234.4;13.7;0;4;no
