ID_pedido;Fecha_pedido;Sucursal;Ciudad;Tipo_cliente;Genero;Linea_producto;Precio_unitario;Cantidad;Pago;Total;COGS;Ingresos_brutos;Margen_bruto;Calificacion
ORD1000;1/01/2024;C;Guadalajara;New;Female;Audio;1301.83;2;Cash;2603.66;1955.02;648.64;24.91;6.1
ORD1001;2/01/2024;A;Guadalajara;New;Male;Laptop;802.67;2;Cash;1605.34;1205.41;399.93;24.91;7.9
ORD1002;3/01/2024;C;Monterrey;New;Female;Accessories;744.81;4;Cash;2979.24;2237.03;742.21;24.91;4.7
ORD1003;4/01/2024;C;Guadalajara;New;Female;NA;87.18;3;Cash;261.54;196.38;NA;24.91;9.3
ORD1004;5/01/2024;A;Mexico City;Returning;Male;Smartphone;544.81;NA;Cash;1634.43;1227.25;407.18;24.91;7
ORD1005;6/01/2024;A;Mexico City;New;Female;TV;601.28;3;Cash;1803.84;1354.46;449.38;24.91;6.7
ORD1006;7/01/2024;C;Mexico City;NA;Male;Smartphone;628.29;4;Ewallet;2513.16;1887.06;NA;24.91;7.5
ORD1007;8/01/2024;B;Monterrey;Returning;Male;TV;891.25;2;Cash;1782.5;1338.43;444.07;24.91;7.7
ORD1008;9/01/2024;C;Guadalajara;New;Female;Laptop;823.72;4;Credit Card;3294.88;2474.04;820.84;24.91;4.4
ORD1009;10/01/2024;C;Mexico City;Returning;Male;Audio;931.46;2;Cash;NA;NA;464.1;24.91;8.1
ORD1010;11/01/2024;C;Monterrey;Returning;Female;Laptop;1159.08;4;NA;4636.32;3481.29;1155.03;24.91;5.5
ORD1011;12/01/2024;C;Guadalajara;Returning;Female;Accessories;1228.83;4;Ewallet;4915.32;3690.78;1224.54;24.91;8.3
ORD1012;13/01/2024;A;Monterrey;Returning;Male;NA;1091.28;2;Ewallet;2182.56;1638.83;543.73;24.91;8.9
ORD1013;14/01/2024;C;Mexico City;New;Male;TV;1435.51;3;Credit Card;4306.53;3233.66;1072.87;24.91;NA
ORD1014;15/01/2024;B;Mexico City;Returning;Male;Gaming;76.44;2;Credit Card;152.88;114.79;38.09;24.91;7.3
ORD1015;16/01/2024;A;Mexico City;New;NA;Gaming;333.88;1;Ewallet;NA;250.7;83.18;24.91;7.1
ORD1016;17/01/2024;B;Monterrey;Returning;Female;TV;60.97;1;Ewallet;60.97;45.78;15.19;24.91;4.9
ORD1017;18/01/2024;B;Monterrey;Returning;Female;Accessories;988.84;2;Cash;1977.68;1484.99;492.69;24.91;8.7
ORD1018;19/01/2024;B;Mexico City;New;Male;Accessories;1352.14;4;Ewallet;5408.56;4061.14;1347.42;24.91;5.6
ORD1019;20/01/2024;B;Monterrey;Returning;Female;Accessories;403.05;1;NA;403.05;302.64;100.41;24.91;7
ORD1020;21/01/2024;A;Mexico City;Returning;Female;Laptop;1394.2;1;Cash;1394.2;1046.87;347.33;24.91;5.7
ORD1021;22/01/2024;A;Mexico City;Returning;Female;Accessories;137.39;4;NA;549.56;412.65;136.91;24.91;4.8
ORD1022;23/01/2024;B;Guadalajara;NA;Female;Smartphone;1404.93;4;Cash;5619.72;4219.7;1400.02;24.91;7.8
ORD1023;24/01/2024;B;Monterrey;Returning;Male;Audio;559.85;3;Ewallet;1679.55;1261.13;418.42;NA;4.3
ORD1024;25/01/2024;A;Mexico City;New;Male;NA;197.06;4;Credit Card;788.24;NA;196.37;NA;8.5
ORD1025;26/01/2024;A;Mexico City;NA;Female;TV;754.51;2;Cash;1509.02;NA;NA;24.91;5.9
ORD1026;27/01/2024;A;Monterrey;New;Male;Audio;422.33;2;Cash;844.66;634.23;NA;24.91;4
ORD1027;28/01/2024;C;Guadalajara;New;Male;Laptop;463.07;3;Ewallet;1389.21;1043.12;346.09;24.91;7.1
ORD1028;29/01/2024;C;Guadalajara;Returning;Male;TV;495.57;1;Ewallet;495.57;372.11;123.46;24.91;4.3
ORD1029;30/01/2024;C;Mexico City;Returning;Female;Audio;1214.39;1;Ewallet;1214.39;911.85;302.54;24.91;5.7
ORD1030;31/01/2024;B;Monterrey;New;Female;TV;831.78;4;Credit Card;3327.12;2498.25;828.87;24.91;8.2
ORD1031;1/02/2024;C;Guadalajara;NA;Female;Laptop;501.4;2;Cash;1002.8;752.98;249.82;24.91;4.4
ORD1032;2/02/2024;B;Monterrey;Returning;Male;Smartphone;934.98;1;Ewallet;NA;702.05;232.93;24.91;9
ORD1033;3/02/2024;B;Monterrey;New;Female;NA;1088.42;3;Credit Card;3265.26;2451.8;813.46;24.91;4
ORD1034;4/02/2024;C;Mexico City;Returning;Female;Laptop;445.3;3;Credit Card;1335.9;1003.09;332.81;24.91;5.5
ORD1035;5/02/2024;B;Guadalajara;Returning;Male;TV;649.65;2;Credit Card;1299.3;975.61;323.69;24.91;NA
ORD1036;6/02/2024;C;Mexico City;Returning;Female;Gaming;226.73;3;Ewallet;680.19;510.74;169.45;24.91;5.9
ORD1037;7/02/2024;C;Guadalajara;Returning;Female;Accessories;312.67;3;Ewallet;938.01;704.33;233.68;24.91;4.6
ORD1038;8/02/2024;A;Guadalajara;New;Male;NA;1037.62;NA;NA;2075.24;1558.24;517;24.91;6.2
ORD1039;9/02/2024;C;Guadalajara;Returning;Male;Smartphone;313.09;4;Cash;NA;940.36;312;24.91;5.6
ORD1040;10/02/2024;A;Guadalajara;New;NA;Smartphone;811.49;4;Ewallet;3245.96;2437.3;NA;24.91;9.1
ORD1041;11/02/2024;C;Guadalajara;Returning;Female;Accessories;1078.12;3;NA;3234.36;2428.59;805.77;24.91;5.9
ORD1042;12/02/2024;C;Monterrey;NA;Female;Gaming;204.97;4;Credit Card;819.88;615.63;204.25;24.91;8.7
ORD1043;13/02/2024;A;Mexico City;Returning;Female;Accessories;872.6;4;Credit Card;3490.4;2620.85;869.55;24.91;9.4
ORD1044;14/02/2024;A;Monterrey;New;Male;Gaming;422.02;3;Cash;1266.06;950.65;315.41;NA;6.6
ORD1045;15/02/2024;C;Guadalajara;New;Male;Smartphone;1446.24;4;Credit Card;5784.96;4343.77;1441.19;24.91;9.5
ORD1046;16/02/2024;B;Mexico City;Returning;Female;Audio;751.14;3;Cash;2253.42;1692.03;561.39;24.91;6.3
ORD1047;17/02/2024;A;Guadalajara;Returning;Female;TV;1218.69;1;NA;1218.69;915.08;303.61;24.91;NA
ORD1048;18/02/2024;B;Mexico City;Returning;Male;Smartphone;847.83;2;Credit Card;1695.66;1273.23;422.43;24.91;4.5
ORD1049;19/02/2024;B;Monterrey;Returning;Male;Smartphone;112.95;2;Credit Card;225.9;169.62;56.28;24.91;8.1
ORD1050;20/02/2024;B;Mexico City;New;Male;Laptop;NA;4;Ewallet;3872.28;2907.59;964.69;24.91;7
ORD1051;21/02/2024;A;Mexico City;Returning;Male;Laptop;1429.53;4;NA;5718.12;NA;1424.54;24.91;6.3
ORD1052;22/02/2024;B;Mexico City;New;Female;Laptop;922.34;4;Credit Card;3689.36;2770.24;919.12;24.91;7.8
ORD1053;23/02/2024;A;Mexico City;New;Male;TV;1237.82;2;Cash;2475.64;NA;616.75;24.91;8.2
ORD1054;24/02/2024;B;Mexico City;Returning;Female;Laptop;1332.1;NA;Cash;1332.1;1000.24;331.86;NA;4
ORD1055;25/02/2024;C;Guadalajara;New;Female;Gaming;380.72;1;Cash;380.72;285.87;94.85;24.91;5
ORD1056;26/02/2024;C;Mexico City;New;Female;Accessories;357.47;2;Cash;714.94;NA;NA;24.91;8.3
ORD1057;27/02/2024;A;Mexico City;New;Male;Audio;935.92;1;Cash;935.92;702.76;233.16;24.91;8
ORD1058;28/02/2024;C;Monterrey;New;Male;Smartphone;645.99;2;Ewallet;1291.98;970.11;321.87;24.91;9.8
ORD1059;29/02/2024;C;Mexico City;Returning;Male;Gaming;1267.8;1;Credit Card;1267.8;951.96;315.84;24.91;8.6
ORD1060;1/03/2024;B;Monterrey;Returning;Male;Audio;1355.03;3;Ewallet;NA;3052.37;1012.72;24.91;9.7
ORD1061;2/03/2024;A;Guadalajara;Returning;Female;Gaming;562.46;3;Cash;1687.38;1267.01;420.37;24.91;8.2
ORD1062;3/03/2024;B;Mexico City;Returning;NA;Gaming;393.46;2;Cash;786.92;590.88;196.04;24.91;5.8
ORD1063;4/03/2024;B;Monterrey;New;Male;Smartphone;NA;1;Cash;1181.76;887.35;294.41;24.91;NA
ORD1064;5/03/2024;B;Monterrey;New;Female;Accessories;448.47;4;Cash;1793.88;1346.98;446.9;24.91;8.7
ORD1065;6/03/2024;B;Guadalajara;Returning;Male;Laptop;1242.79;1;Credit Card;1242.79;933.18;NA;24.91;7.9
ORD1066;7/03/2024;B;Mexico City;Returning;Female;TV;NA;3;Cash;1993.26;1496.69;496.57;24.91;4.3
ORD1067;8/03/2024;B;Mexico City;Returning;Female;Accessories;1017.95;3;Credit Card;3053.85;2293.05;760.8;24.91;6.2
ORD1068;9/03/2024;B;Monterrey;New;NA;NA;188.53;1;Cash;188.53;141.56;46.97;24.91;9.7
ORD1069;10/03/2024;A;Mexico City;Returning;Female;Smartphone;954.6;1;Credit Card;954.6;716.78;237.82;24.91;7
ORD1070;11/03/2024;C;Monterrey;Returning;Female;Smartphone;705.06;4;Ewallet;2820.24;2117.64;702.6;24.91;6.6
ORD1071;12/03/2024;B;Mexico City;Returning;NA;Smartphone;900.58;4;Cash;3602.32;2704.89;897.43;24.91;6.7
ORD1072;13/03/2024;B;Monterrey;New;Female;Audio;293.62;1;Credit Card;293.62;220.47;73.15;24.91;5.3
ORD1073;14/03/2024;B;Mexico City;New;Female;TV;NA;1;Ewallet;1118.47;839.83;278.64;24.91;6.2
ORD1074;15/03/2024;B;Guadalajara;New;Male;Accessories;1301.06;1;Cash;1301.06;976.93;324.13;24.91;6.2
ORD1075;16/03/2024;B;Mexico City;New;NA;Accessories;364.27;1;Cash;364.27;273.52;90.75;24.91;NA
ORD1076;17/03/2024;B;Mexico City;New;Male;Gaming;188.79;2;NA;NA;283.51;94.07;24.91;8.6
ORD1077;18/03/2024;C;Guadalajara;NA;Male;Gaming;84.28;1;Credit Card;84.28;63.28;21;24.92;6.5
ORD1078;19/03/2024;C;Mexico City;New;Female;Gaming;980.86;4;Credit Card;3923.44;2946.01;977.43;24.91;8.9
ORD1079;20/03/2024;B;Guadalajara;New;Male;Smartphone;930.29;3;Ewallet;2790.87;2095.59;695.28;24.91;NA
ORD1080;21/03/2024;C;Mexico City;NA;Female;Accessories;842.71;2;Credit Card;1685.42;1265.54;419.88;24.91;5.3
ORD1081;22/03/2024;A;Monterrey;Returning;Male;TV;386.32;1;Credit Card;386.32;290.08;96.24;24.91;7.9
ORD1082;23/03/2024;B;Monterrey;New;Male;Smartphone;616.81;3;NA;1850.43;1389.44;460.99;24.91;6.8
ORD1083;24/03/2024;A;Mexico City;New;Male;Audio;911.99;2;NA;1823.98;1369.58;454.4;24.91;9.3
ORD1084;25/03/2024;A;Mexico City;Returning;Female;Gaming;NA;3;NA;2310.93;1735.22;575.71;NA;5.3
ORD1085;26/03/2024;B;Mexico City;New;NA;Smartphone;1482.29;1;Cash;1482.29;1113.01;369.28;24.91;8.1
ORD1086;27/03/2024;C;Monterrey;New;Female;Smartphone;247.84;1;Cash;247.84;186.1;61.74;24.91;7.6
ORD1087;28/03/2024;A;Mexico City;New;Female;Audio;1057.96;4;Cash;4231.84;3177.58;1054.26;24.91;5.8
ORD1088;29/03/2024;B;Monterrey;Returning;Male;NA;636.26;1;Cash;636.26;477.75;158.51;24.91;4.8
ORD1089;30/03/2024;A;Guadalajara;Returning;NA;Accessories;670.89;1;Ewallet;670.89;503.75;167.14;24.91;NA
ORD1090;31/03/2024;A;Monterrey;Returning;Male;TV;1090.52;2;Ewallet;2181.04;1637.68;543.36;24.91;NA
ORD1091;1/04/2024;A;Monterrey;Returning;Female;Laptop;1054.03;4;Ewallet;4216.12;3165.77;1050.35;24.91;5.9
ORD1092;2/04/2024;A;Guadalajara;Returning;Male;Gaming;1487.32;2;Ewallet;2974.64;2233.58;741.06;24.91;7.9
ORD1093;3/04/2024;C;Monterrey;New;NA;Smartphone;236.17;3;NA;708.51;532;176.51;24.91;6.4
ORD1094;4/04/2024;A;Mexico City;Returning;Female;Audio;200.96;1;Ewallet;200.96;150.9;50.06;24.91;8.3
ORD1095;5/04/2024;A;Mexico City;New;Male;Audio;1100.29;3;Cash;3300.87;2478.54;822.33;24.91;5.2
ORD1096;6/04/2024;A;Monterrey;New;Male;Accessories;888.66;2;Ewallet;1777.32;1334.54;442.78;24.91;9.3
ORD1097;7/04/2024;C;Mexico City;Returning;Female;Laptop;NA;1;Credit Card;447.53;336.04;111.49;24.91;5.7
ORD1098;8/04/2024;A;Monterrey;Returning;Female;Accessories;165.16;1;Ewallet;165.16;124.01;41.15;24.92;6.2
ORD1099;9/04/2024;A;Mexico City;New;Female;Smartphone;174.2;2;Ewallet;348.4;261.6;86.8;24.91;4.3
ORD1100;10/04/2024;C;Mexico City;New;Male;Accessories;1346.58;2;Cash;2693.16;2022.22;670.94;24.91;4.7
ORD1101;11/04/2024;C;Monterrey;New;Female;TV;328.21;NA;Ewallet;656.42;492.89;163.53;24.91;7.1
ORD1102;12/04/2024;C;Mexico City;Returning;Male;Audio;518.89;2;Credit Card;1037.78;779.24;258.54;24.91;5.6
ORD1103;13/04/2024;A;Monterrey;Returning;Female;Audio;378.65;2;Cash;757.3;568.64;188.66;NA;9
ORD1104;14/04/2024;C;Mexico City;Returning;Female;Gaming;564.74;1;Cash;564.74;NA;140.69;24.91;4.1
ORD1105;15/04/2024;C;Mexico City;Returning;Male;Gaming;150.66;2;Ewallet;301.32;226.25;NA;24.91;6.3
ORD1106;16/04/2024;A;Guadalajara;Returning;Female;Smartphone;802.64;NA;Cash;NA;602.68;199.96;24.91;6
ORD1107;17/04/2024;C;Guadalajara;New;Male;TV;148.04;1;Cash;148.04;111.16;36.88;24.91;4.1
ORD1108;18/04/2024;A;Monterrey;NA;Male;Laptop;1210.52;2;Cash;2421.04;1817.89;603.15;24.91;4.7
ORD1109;19/04/2024;B;Guadalajara;New;Female;Accessories;NA;2;Cash;777.76;584;193.76;24.91;6.5
ORD1110;20/04/2024;C;Monterrey;New;Male;Smartphone;833.02;4;Cash;3332.08;2501.97;830.11;24.91;7
ORD1111;21/04/2024;B;Guadalajara;New;Male;Gaming;1326.11;1;Cash;1326.11;995.74;330.37;24.91;6.4
ORD1112;22/04/2024;A;Mexico City;Returning;Female;Accessories;993.77;NA;Credit Card;1987.54;1492.39;495.15;24.91;7.2
ORD1113;23/04/2024;C;Monterrey;Returning;Male;Gaming;822.79;2;Ewallet;1645.58;1235.62;409.96;24.91;7.6
ORD1114;24/04/2024;A;Monterrey;Returning;Male;Accessories;520.28;2;Credit Card;1040.56;NA;259.23;24.91;4.1
ORD1115;25/04/2024;B;Mexico City;New;NA;Laptop;532.85;4;Cash;2131.4;1600.41;530.99;24.91;6.8
ORD1116;26/04/2024;A;Monterrey;New;Female;Smartphone;1020.76;4;Cash;4083.04;3065.85;1017.19;NA;9.8
ORD1117;27/04/2024;C;Monterrey;New;Male;Accessories;1491.5;3;Ewallet;4474.5;3359.78;1114.72;24.91;NA
ORD1118;28/04/2024;C;Guadalajara;New;Female;TV;1009.67;1;Credit Card;1009.67;758.13;251.54;24.91;8.1
ORD1119;29/04/2024;B;Monterrey;New;Female;Audio;858.79;3;Ewallet;2576.37;1934.53;641.84;24.91;5.9
ORD1120;30/04/2024;A;Mexico City;New;Male;TV;1109.44;2;NA;2218.88;1666.1;552.78;24.91;8.6
ORD1121;1/05/2024;C;Guadalajara;Returning;Male;TV;724.55;4;Cash;2898.2;2176.18;722.02;24.91;8.6
ORD1122;2/05/2024;B;Guadalajara;Returning;Male;Audio;137.21;4;Ewallet;548.84;412.11;136.73;24.91;7.1
ORD1123;3/05/2024;C;Mexico City;Returning;Female;TV;865.33;3;Ewallet;2595.99;1949.26;646.73;24.91;9.9
ORD1124;4/05/2024;C;Mexico City;Returning;Male;Accessories;1438.56;4;Cash;NA;4320.71;1433.53;24.91;4.8
ORD1125;5/05/2024;A;Guadalajara;New;Male;Accessories;304.19;2;Ewallet;608.38;456.82;151.56;24.91;4.1
ORD1126;6/05/2024;C;Monterrey;New;Male;Accessories;NA;4;Credit Card;4202.04;3155.2;1046.84;24.91;8.6
ORD1127;7/05/2024;A;Guadalajara;Returning;Male;Audio;341.35;3;Credit Card;1024.05;768.93;255.12;24.91;8.8
ORD1128;8/05/2024;C;Mexico City;New;Male;TV;826.95;2;Credit Card;1653.9;1241.87;NA;24.91;4.7
ORD1129;9/05/2024;B;Guadalajara;Returning;Female;Audio;190.18;3;Credit Card;570.54;428.4;142.14;24.91;NA
ORD1130;10/05/2024;C;Mexico City;Returning;Female;Accessories;703.04;4;Cash;2812.16;2111.58;700.58;24.91;4.1
ORD1131;11/05/2024;A;Guadalajara;Returning;Male;TV;1146.44;3;Ewallet;3439.32;2582.49;856.83;24.91;5.8
ORD1132;12/05/2024;A;Monterrey;New;Male;TV;553.98;3;Credit Card;1661.94;1247.91;414.03;24.91;8.6
ORD1133;13/05/2024;B;Guadalajara;Returning;Male;Gaming;1014.12;1;Cash;1014.12;761.48;NA;NA;7.1
ORD1134;14/05/2024;C;Guadalajara;NA;Male;Gaming;1203.4;4;Ewallet;4813.6;3614.4;1199.2;24.91;6.1
ORD1135;15/05/2024;C;Mexico City;Returning;Female;Laptop;NA;4;Ewallet;5577.64;4188.1;1389.54;NA;6.2
ORD1136;16/05/2024;B;Mexico City;NA;Male;Smartphone;390.23;NA;Cash;1170.69;879.04;291.65;24.91;NA
ORD1137;17/05/2024;C;Mexico City;New;Female;Gaming;629.01;1;Cash;629.01;472.31;156.7;24.91;5.8
ORD1138;18/05/2024;C;Guadalajara;Returning;Female;Audio;271;4;Credit Card;1084;813.95;270.05;24.91;7.9
ORD1139;19/05/2024;A;Monterrey;New;Male;Gaming;1489.1;2;Ewallet;2978.2;2236.25;741.95;24.91;9.8
ORD1140;20/05/2024;C;Mexico City;New;NA;Laptop;1394.15;3;Ewallet;4182.45;3140.49;1041.96;NA;9.1
ORD1141;21/05/2024;C;Mexico City;New;Female;TV;832.94;4;Cash;3331.76;2501.73;830.03;24.91;4.1
ORD1142;22/05/2024;B;Guadalajara;NA;Female;Laptop;1270.95;2;Ewallet;2541.9;1908.64;633.26;24.91;9.4
ORD1143;23/05/2024;B;Mexico City;New;Female;TV;805.39;4;Credit Card;3221.56;2418.98;802.58;24.91;8.7
ORD1144;24/05/2024;A;Monterrey;New;Male;TV;954.2;2;Ewallet;1908.4;1432.97;NA;24.91;8.7
ORD1145;25/05/2024;C;Monterrey;New;Male;Smartphone;179.23;3;Cash;537.69;403.74;133.95;NA;6.7
ORD1146;26/05/2024;C;Mexico City;New;Female;Gaming;1145.14;4;Cash;4580.56;3439.42;1141.14;24.91;6.4
ORD1147;27/05/2024;C;Mexico City;New;Male;Audio;235.18;4;Credit Card;940.72;706.36;NA;24.91;5.8
ORD1148;28/05/2024;A;Guadalajara;New;Male;Audio;1247.8;1;Credit Card;1247.8;936.94;310.86;24.91;4.4
ORD1149;29/05/2024;A;Monterrey;Returning;Male;Accessories;1183.94;3;Ewallet;3551.82;2666.97;884.85;24.91;5.4
ORD1150;30/05/2024;B;Monterrey;Returning;Male;TV;NA;NA;Ewallet;2155.36;1618.4;536.96;24.91;5.5
ORD1151;31/05/2024;A;Mexico City;New;Male;Audio;102.43;4;Cash;NA;307.65;102.07;24.91;6.9
ORD1152;1/06/2024;C;Guadalajara;Returning;NA;Smartphone;489.54;4;Credit Card;1958.16;1470.33;487.83;24.91;NA
ORD1153;2/06/2024;C;Monterrey;Returning;Male;TV;431.51;NA;Credit Card;863.02;648.02;NA;24.91;6.8
ORD1154;3/06/2024;A;Monterrey;New;Male;Smartphone;572.2;NA;Credit Card;1716.6;1288.95;427.65;24.91;4.3
ORD1155;4/06/2024;C;Guadalajara;New;Male;Audio;177.08;1;Ewallet;177.08;132.96;44.12;24.92;9.7
ORD1156;5/06/2024;C;Guadalajara;New;Male;Audio;1408.59;1;Credit Card;1408.59;1057.67;350.92;24.91;9.7
ORD1157;6/06/2024;A;Monterrey;Returning;Female;Accessories;NA;4;Cash;3412.04;2562.01;850.03;24.91;8.7
ORD1158;7/06/2024;A;Monterrey;Returning;Female;NA;493.01;2;Cash;986.02;740.38;NA;24.91;9.9
ORD1159;8/06/2024;C;Guadalajara;New;Female;TV;625.62;NA;Ewallet;NA;NA;623.43;24.91;7.3
ORD1160;9/06/2024;C;Monterrey;New;Female;TV;698.44;2;Ewallet;1396.88;1048.88;NA;24.91;9.8
ORD1161;10/06/2024;C;Mexico City;New;Male;TV;920.86;1;Credit Card;920.86;691.45;229.41;24.91;4.5
ORD1162;11/06/2024;B;Mexico City;Returning;Female;Accessories;797.74;3;Ewallet;2393.22;1797;NA;24.91;6.2
ORD1163;12/06/2024;B;Guadalajara;Returning;Male;Accessories;1383.12;2;NA;2766.24;2077.1;689.14;24.91;5.4
ORD1164;13/06/2024;B;Guadalajara;Returning;Male;Audio;NA;1;Credit Card;770.6;578.62;191.98;24.91;NA
ORD1165;14/06/2024;A;Guadalajara;NA;Male;Laptop;1488.63;4;Cash;5954.52;4471.09;1483.43;24.91;4.8
ORD1166;15/06/2024;B;Mexico City;New;Male;Laptop;1284.57;2;Credit Card;2569.14;1929.1;640.04;24.91;7.7
ORD1167;16/06/2024;A;Monterrey;New;Male;Accessories;352.34;3;NA;1057.02;793.69;263.33;24.91;8.7
ORD1168;17/06/2024;A;Mexico City;New;Female;Audio;1399.36;4;Credit Card;5597.44;4202.97;1394.47;24.91;7.5
ORD1169;18/06/2024;B;Monterrey;New;Female;Laptop;218.73;4;Credit Card;874.92;656.95;217.97;NA;NA
ORD1170;19/06/2024;B;Mexico City;Returning;Female;Audio;1235.3;1;Cash;1235.3;927.55;307.75;24.91;8.9
ORD1171;20/06/2024;B;Monterrey;Returning;Female;Audio;601.9;2;Cash;1203.8;903.9;299.9;24.91;7.8
ORD1172;21/06/2024;C;Mexico City;New;Male;Audio;1323.06;4;Credit Card;5292.24;3973.8;1318.44;24.91;6.3
ORD1173;22/06/2024;B;Guadalajara;New;Female;Gaming;NA;3;Ewallet;3926.04;2947.96;978.08;24.91;8
ORD1174;23/06/2024;C;Mexico City;Returning;Male;TV;1218.59;2;Ewallet;2437.18;1830.01;607.17;24.91;5.6
ORD1175;24/06/2024;A;Monterrey;New;Female;Audio;1195.54;3;Cash;3586.62;2693.1;893.52;NA;6.1
ORD1176;25/06/2024;C;Mexico City;Returning;Male;Gaming;491.78;4;NA;1967.12;1477.06;490.06;NA;9.5
ORD1177;26/06/2024;B;Mexico City;New;Male;Accessories;NA;3;Cash;501.99;376.93;125.06;24.91;5.7
ORD1178;27/06/2024;A;Mexico City;New;Female;Laptop;634.32;1;Ewallet;634.32;476.29;158.03;24.91;NA
ORD1179;28/06/2024;A;Guadalajara;New;Male;TV;301.61;3;Credit Card;904.83;679.41;225.42;24.91;9.3
ORD1180;29/06/2024;A;Mexico City;New;Male;Laptop;1057.68;2;Cash;2115.36;1588.37;526.99;24.91;8.2
ORD1181;30/06/2024;C;Guadalajara;New;Female;TV;551.84;3;Cash;1655.52;1243.09;412.43;24.91;4.4
ORD1182;1/07/2024;B;Guadalajara;New;Male;Laptop;1464.63;3;Credit Card;4393.89;3299.25;1094.64;24.91;4.9
ORD1183;2/07/2024;A;Mexico City;New;Female;TV;979.41;1;NA;979.41;735.41;244;24.91;4
ORD1184;3/07/2024;A;Mexico City;Returning;Female;Laptop;1242.6;3;Ewallet;3727.8;NA;928.69;24.91;7.8
ORD1185;4/07/2024;A;Mexico City;Returning;Female;Laptop;242.16;3;Ewallet;NA;545.49;NA;24.91;6.7
ORD1186;5/07/2024;C;Monterrey;Returning;Male;Laptop;1299.92;4;Cash;5199.68;3904.3;1295.38;24.91;4.8
ORD1187;6/07/2024;C;Mexico City;Returning;Male;Laptop;1388;4;Ewallet;5552;4168.85;1383.15;24.91;9.7
ORD1188;7/07/2024;B;Guadalajara;Returning;Male;Accessories;756.24;2;Cash;1512.48;1135.68;376.8;24.91;7.2
ORD1189;8/07/2024;C;Mexico City;New;Female;Audio;929.07;4;Credit Card;3716.28;2790.46;925.82;24.91;5.5
ORD1190;9/07/2024;A;Monterrey;New;Male;Smartphone;1158.97;4;Cash;4635.88;3480.96;1154.92;24.91;NA
ORD1191;10/07/2024;B;Mexico City;Returning;Female;Gaming;303.52;4;Credit Card;1214.08;911.62;302.46;24.91;8.1
ORD1192;11/07/2024;A;Monterrey;New;Female;Smartphone;778.72;4;Ewallet;3114.88;2338.88;776;24.91;4.5
ORD1193;12/07/2024;A;Monterrey;Returning;Male;Smartphone;628.06;1;Credit Card;628.06;471.59;156.47;24.91;5.6
ORD1194;13/07/2024;C;Mexico City;Returning;Female;TV;262.24;4;NA;1048.96;787.64;261.32;24.91;NA
ORD1195;14/07/2024;B;Guadalajara;New;Male;Audio;582.92;1;NA;582.92;437.7;145.22;24.91;6.8
ORD1196;15/07/2024;C;Monterrey;New;Male;TV;148.85;1;Ewallet;148.85;111.77;37.08;24.91;NA
ORD1197;16/07/2024;C;Mexico City;New;Male;Audio;87.43;4;Cash;NA;262.6;87.12;24.91;NA
ORD1198;17/07/2024;B;Mexico City;Returning;Male;Audio;NA;3;Cash;737.97;554.12;183.85;NA;4.3
ORD1199;18/07/2024;A;Guadalajara;New;Male;Laptop;1446.52;1;Credit Card;NA;1086.15;360.37;24.91;5
ORD1200;19/07/2024;A;Monterrey;Returning;Female;Accessories;846.82;3;Credit Card;2540.46;1907.56;632.9;24.91;6.7
ORD1201;20/07/2024;B;Monterrey;Returning;Female;Laptop;1450.44;3;Credit Card;4351.32;3267.29;1084.03;24.91;5.3
ORD1202;21/07/2024;A;Mexico City;Returning;Female;Accessories;677.12;4;Credit Card;2708.48;2033.73;674.75;24.91;4.3
ORD1203;22/07/2024;B;Mexico City;New;Male;TV;502.13;2;Ewallet;1004.26;754.07;250.19;24.91;9.1
ORD1204;23/07/2024;B;Guadalajara;New;Male;Accessories;783.91;4;Ewallet;3135.64;NA;781.17;24.91;9.9
ORD1205;24/07/2024;C;Guadalajara;Returning;Male;TV;687.29;2;Ewallet;1374.58;1032.14;342.44;24.91;8.8
ORD1206;25/07/2024;B;Monterrey;New;Female;Smartphone;203.21;2;Cash;406.42;305.17;101.25;24.91;9.1
ORD1207;26/07/2024;C;Monterrey;New;Male;Smartphone;979.2;4;Ewallet;3916.8;2941.02;975.78;24.91;5.5
ORD1208;27/07/2024;A;Mexico City;New;Female;NA;363.26;4;Ewallet;1453.04;1091.05;361.99;24.91;9.8
ORD1209;28/07/2024;A;Monterrey;Returning;NA;Accessories;948.4;2;Ewallet;1896.8;1424.26;472.54;NA;5.2
ORD1210;29/07/2024;A;Guadalajara;NA;Male;TV;992.79;4;Credit Card;3971.16;2981.84;989.32;24.91;9.7
ORD1211;30/07/2024;A;Guadalajara;New;Male;Laptop;NA;2;Ewallet;540.88;406.13;NA;24.91;10
ORD1212;31/07/2024;C;Mexico City;Returning;Female;TV;138.96;3;Cash;416.88;313.02;103.86;24.91;8.3
ORD1213;1/08/2024;A;Guadalajara;New;Male;Laptop;NA;4;Credit Card;4728.4;3550.43;1177.97;24.91;9.9
ORD1214;2/08/2024;B;Guadalajara;New;Female;Smartphone;716.71;3;Cash;2150.13;NA;535.65;24.91;7.4
ORD1215;3/08/2024;B;Guadalajara;New;Male;Audio;134.34;1;Ewallet;134.34;100.87;33.47;24.91;5.6
ORD1216;4/08/2024;B;Guadalajara;NA;Male;Accessories;1492.56;3;Credit Card;4477.68;3362.17;1115.51;NA;6.6
ORD1217;5/08/2024;C;Mexico City;Returning;Female;Laptop;133.78;3;Cash;401.34;301.36;NA;24.91;7.6
ORD1218;6/08/2024;A;Mexico City;Returning;Male;TV;1057.8;2;Ewallet;2115.6;1588.55;527.05;24.91;4.4
ORD1219;7/08/2024;A;Monterrey;Returning;Female;Smartphone;1476.33;3;Cash;4428.99;3325.61;1103.38;24.91;7.7
ORD1220;8/08/2024;A;Guadalajara;New;Male;Laptop;396.81;4;Cash;1587.24;1191.82;395.42;24.91;9.9
ORD1221;9/08/2024;C;Monterrey;New;Female;TV;256.26;2;Cash;512.52;384.84;NA;24.91;5.1
ORD1222;10/08/2024;B;Mexico City;New;NA;Accessories;226.01;1;Ewallet;226.01;169.7;56.31;24.91;8.8
ORD1223;11/08/2024;B;Mexico City;NA;Male;Accessories;489.75;4;Ewallet;1959;1470.96;488.04;24.91;9.4
ORD1224;12/08/2024;A;Mexico City;New;Female;Gaming;196.52;1;Cash;196.52;147.56;NA;NA;9.7
ORD1225;13/08/2024;B;Mexico City;Returning;Male;Audio;1053.63;3;NA;3160.89;2373.43;787.46;24.91;9.8
ORD1226;14/08/2024;B;Mexico City;Returning;Male;Gaming;140.32;4;Credit Card;561.28;421.45;139.83;24.91;7.1
ORD1227;15/08/2024;C;Mexico City;Returning;Male;Smartphone;788.66;4;Ewallet;3154.64;2368.73;785.91;24.91;9.9
ORD1228;16/08/2024;C;Mexico City;Returning;Female;Laptop;1495.21;1;Ewallet;1495.21;1122.71;372.5;24.91;NA
ORD1229;17/08/2024;C;Guadalajara;Returning;Female;Smartphone;1230.26;4;Ewallet;4921.04;3695.08;1225.96;24.91;5
ORD1230;18/08/2024;C;Monterrey;Returning;Male;TV;942.07;4;Ewallet;3768.28;2829.5;938.78;24.91;6.9
ORD1231;19/08/2024;A;Mexico City;New;Male;Accessories;NA;4;Ewallet;1976.28;1483.94;492.34;24.91;8.3
ORD1232;20/08/2024;C;Guadalajara;New;Female;Gaming;954.65;3;Credit Card;2863.95;2150.46;713.49;24.91;5.5
ORD1233;21/08/2024;B;Guadalajara;Returning;Male;Gaming;814.21;1;Ewallet;814.21;611.37;202.84;24.91;NA
ORD1234;22/08/2024;A;Monterrey;Returning;NA;Gaming;667.82;4;Cash;2671.28;NA;665.49;24.91;8
ORD1235;23/08/2024;B;Mexico City;New;Female;Smartphone;NA;2;Cash;479.06;359.71;119.35;24.91;5
ORD1236;24/08/2024;B;Monterrey;Returning;Male;Accessories;1335.58;2;Credit Card;2671.16;2005.7;665.46;24.91;7.4
ORD1237;25/08/2024;B;Mexico City;Returning;Female;Laptop;702.19;NA;Cash;1404.38;1054.51;NA;24.91;8.6
ORD1238;26/08/2024;C;Guadalajara;New;Male;TV;332.2;2;Credit Card;664.4;498.88;165.52;24.91;7
ORD1239;27/08/2024;C;Guadalajara;Returning;Female;NA;583.25;3;Credit Card;1749.75;1313.84;435.91;24.91;4.1
ORD1240;28/08/2024;A;Guadalajara;Returning;Male;Smartphone;650.49;4;Cash;2601.96;1953.74;648.22;24.91;4.1
ORD1241;29/08/2024;A;Guadalajara;Returning;Male;TV;1249.93;1;Ewallet;1249.93;938.54;311.39;24.91;6.1
ORD1242;30/08/2024;C;Monterrey;New;Female;NA;1113.74;NA;Cash;4454.96;3345.11;1109.85;24.91;9.6
ORD1243;31/08/2024;B;Mexico City;New;Male;Audio;1165.49;3;Cash;3496.47;2625.41;871.06;24.91;NA
ORD1244;1/09/2024;A;Mexico City;New;Female;Smartphone;66;2;Credit Card;132;99.12;NA;NA;7.8
ORD1245;2/09/2024;C;Monterrey;Returning;Male;Smartphone;653.42;3;Cash;1960.26;1471.91;488.35;24.91;5.3
ORD1246;3/09/2024;C;Mexico City;Returning;Female;Accessories;747.95;4;Credit Card;2991.8;2246.46;745.34;24.91;5.9
ORD1247;4/09/2024;C;Guadalajara;New;Female;Laptop;77.83;1;Ewallet;77.83;58.44;19.39;24.91;9.1
ORD1248;5/09/2024;B;Mexico City;Returning;Female;Smartphone;426.73;3;Ewallet;NA;961.26;318.93;24.91;8.4
ORD1249;6/09/2024;C;Guadalajara;Returning;Female;Smartphone;1152.42;1;Ewallet;NA;865.32;287.1;24.91;4.6
ORD1250;7/09/2024;C;Monterrey;Returning;Male;Gaming;248.81;3;Cash;746.43;560.47;185.96;24.91;6.6
ORD1251;8/09/2024;C;Mexico City;Returning;Male;Gaming;826.2;NA;Credit Card;NA;620.37;205.83;24.91;4.2
ORD1252;9/09/2024;C;Monterrey;Returning;Female;TV;362.04;1;Ewallet;362.04;NA;90.19;24.91;NA
ORD1253;10/09/2024;A;Mexico City;NA;Female;Audio;67.58;2;Credit Card;135.16;101.49;33.67;24.91;8
ORD1254;11/09/2024;A;Guadalajara;Returning;Female;Accessories;399.74;NA;Credit Card;399.74;300.15;99.59;24.91;4.7
ORD1255;12/09/2024;C;Monterrey;New;Male;Audio;1465.02;2;Ewallet;2930.04;2200.09;729.95;24.91;NA
ORD1256;13/09/2024;B;Mexico City;Returning;Male;TV;1212.23;4;NA;4848.92;3640.92;1208;24.91;6.4
ORD1257;14/09/2024;A;Guadalajara;New;Male;Gaming;1441.39;4;Credit Card;5765.56;4329.2;1436.36;NA;9.5
ORD1258;15/09/2024;C;Monterrey;Returning;Male;Laptop;757.39;2;Ewallet;1514.78;1137.41;377.37;24.91;10
ORD1259;16/09/2024;A;Monterrey;New;Female;Gaming;209.12;2;Credit Card;418.24;314.05;104.19;24.91;4.3
ORD1260;17/09/2024;A;Mexico City;Returning;Female;Accessories;844.54;3;Credit Card;2533.62;1902.43;631.19;24.91;8.6
ORD1261;18/09/2024;B;Mexico City;New;NA;Gaming;708.85;3;Ewallet;2126.55;1596.77;529.78;24.91;6.2
ORD1262;19/09/2024;C;Mexico City;NA;Male;Accessories;1274.32;3;Cash;NA;2870.56;952.4;24.91;6.4
ORD1263;20/09/2024;C;Guadalajara;New;Male;Accessories;192.22;4;Ewallet;768.88;577.33;191.55;24.91;8.5
ORD1264;21/09/2024;B;Mexico City;Returning;Male;Accessories;757.95;3;Cash;NA;1707.37;566.48;24.91;9.5
ORD1265;22/09/2024;B;Monterrey;New;Female;TV;267.57;1;Credit Card;267.57;200.91;66.66;24.91;9.7
ORD1266;23/09/2024;C;Monterrey;New;Female;Accessories;520.78;1;Credit Card;520.78;NA;129.74;24.91;7.5
ORD1267;24/09/2024;C;Mexico City;Returning;Male;Accessories;1119.17;3;Cash;3357.51;2521.06;836.45;24.91;6.1
ORD1268;25/09/2024;B;Mexico City;Returning;Female;Laptop;740.23;1;Credit Card;740.23;555.82;184.41;24.91;NA
ORD1269;26/09/2024;A;Monterrey;New;Male;Audio;595.04;4;Cash;2380.16;1787.2;NA;24.91;5.5
ORD1270;27/09/2024;A;Guadalajara;Returning;Male;Smartphone;621.99;1;Cash;621.99;467.04;154.95;24.91;7.4
ORD1271;28/09/2024;B;Mexico City;New;Female;Audio;716.2;NA;NA;2864.8;2151.1;713.7;24.91;6.2
ORD1272;29/09/2024;A;Mexico City;New;Male;Accessories;NA;2;Cash;2376.54;1784.48;592.06;24.91;7.9
ORD1273;30/09/2024;B;Monterrey;New;Female;Laptop;1343.52;2;Ewallet;2687.04;2017.63;669.41;24.91;5.4
ORD1274;1/10/2024;A;Mexico City;Returning;Male;Gaming;1435.24;2;Ewallet;2870.48;2155.37;715.11;24.91;5.1
ORD1275;2/10/2024;A;Guadalajara;New;Female;Laptop;1191.01;2;Credit Card;2382.02;1788.6;593.42;24.91;9.5
ORD1276;3/10/2024;C;Monterrey;New;NA;Accessories;507.34;NA;Credit Card;507.34;380.95;126.39;24.91;4.6
ORD1277;4/10/2024;C;Mexico City;Returning;Female;NA;1047.8;3;Cash;3143.4;2360.3;783.1;24.91;7
ORD1278;5/10/2024;A;Monterrey;Returning;Male;Laptop;684.52;1;Cash;684.52;513.99;NA;24.91;5.3
ORD1279;6/10/2024;A;Mexico City;Returning;Male;Accessories;419.27;NA;Cash;1677.08;1259.27;417.81;24.91;4.2
ORD1280;7/10/2024;C;Mexico City;Returning;Female;TV;1269.26;1;Cash;1269.26;953.05;316.21;24.91;4.2
ORD1281;8/10/2024;C;Mexico City;New;Female;Laptop;105.72;1;Ewallet;105.72;NA;26.34;24.91;5.1
ORD1282;9/10/2024;C;Guadalajara;New;Male;Smartphone;1357.55;4;Ewallet;5430.2;4077.39;1352.81;24.91;9.2
ORD1283;10/10/2024;B;Guadalajara;New;Male;Smartphone;719.14;2;Credit Card;1438.28;1079.97;358.31;24.91;5.7
ORD1284;11/10/2024;A;Monterrey;New;Male;Laptop;973.94;2;Cash;1947.88;1462.61;NA;24.91;9.7
ORD1285;12/10/2024;C;Mexico City;Returning;Female;NA;1006.06;2;NA;2012.12;1510.85;501.27;24.91;7.5
ORD1286;13/10/2024;A;Mexico City;New;Male;Gaming;1347.92;3;Credit Card;4043.76;3036.35;1007.41;24.91;6.6
ORD1287;14/10/2024;B;Guadalajara;New;Male;Accessories;973.17;NA;Cash;3892.68;2922.91;969.77;24.91;7.5
ORD1288;15/10/2024;B;Mexico City;Returning;Female;Smartphone;940.2;4;Cash;3760.8;NA;936.92;24.91;7.1
ORD1289;16/10/2024;C;Guadalajara;NA;Male;Gaming;146.65;1;Cash;146.65;110.12;36.53;24.91;8.6
ORD1290;17/10/2024;B;Mexico City;New;Male;NA;801.69;3;Cash;2405.07;1805.9;599.17;24.91;NA
ORD1291;18/10/2024;A;Monterrey;New;Male;Gaming;267.75;2;Cash;NA;402.09;133.41;24.91;6.1
ORD1292;19/10/2024;C;Mexico City;New;Female;Audio;1119.28;3;Credit Card;3357.84;2521.31;836.53;24.91;9.4
ORD1293;20/10/2024;A;Mexico City;New;NA;Smartphone;792.72;4;Cash;3170.88;2380.93;789.95;24.91;9.7
ORD1294;21/10/2024;A;Guadalajara;New;Female;Laptop;1036.33;4;Credit Card;4145.32;3112.61;1032.71;24.91;9.4
ORD1295;22/10/2024;B;Mexico City;Returning;Female;Accessories;110.43;1;Cash;110.43;82.92;27.51;24.91;6.5
ORD1296;23/10/2024;B;Mexico City;Returning;Female;TV;172.95;1;Ewallet;172.95;129.86;43.09;24.91;8.7
ORD1297;24/10/2024;B;Guadalajara;New;Female;Laptop;1088.67;4;Ewallet;4354.68;3269.81;1084.87;24.91;6.9
ORD1298;25/10/2024;B;Monterrey;New;Female;Accessories;154.52;2;Ewallet;309.04;232.05;76.99;24.91;NA
ORD1299;26/10/2024;B;Monterrey;Returning;Male;TV;153.32;2;Ewallet;306.64;230.25;76.39;24.91;5.2
ORD1300;27/10/2024;C;Guadalajara;New;Male;TV;67.56;3;Credit Card;202.68;152.19;50.49;24.91;7.5
ORD1301;28/10/2024;A;Guadalajara;New;Female;Laptop;NA;4;NA;5747.72;4315.81;1431.91;24.91;5.1
ORD1302;29/10/2024;A;Guadalajara;New;Male;Gaming;1119.39;4;Cash;4477.56;3362.08;1115.48;24.91;6
ORD1303;30/10/2024;A;Guadalajara;Returning;Male;Gaming;562.21;2;Ewallet;1124.42;844.3;280.12;24.91;9.1
ORD1304;31/10/2024;A;Guadalajara;New;Female;TV;479.98;2;Credit Card;959.96;720.81;239.15;24.91;5.2
ORD1305;1/11/2024;B;Monterrey;Returning;Male;NA;557.07;4;Cash;2228.28;1673.16;555.12;24.91;NA
ORD1306;2/11/2024;A;Monterrey;New;Male;Audio;1173.25;1;Cash;1173.25;880.96;292.29;24.91;4.4
ORD1307;3/11/2024;C;Guadalajara;Returning;Male;NA;1008.99;4;Credit Card;4035.96;3030.49;1005.47;24.91;9.6
ORD1308;4/11/2024;C;Mexico City;NA;Male;TV;318.53;4;Ewallet;1274.12;NA;317.42;NA;7
ORD1309;5/11/2024;A;Guadalajara;New;Male;Accessories;NA;NA;NA;604.92;454.22;150.7;24.91;6.5
ORD1310;6/11/2024;A;Mexico City;Returning;Female;Gaming;192.67;2;Ewallet;385.34;289.34;96;24.91;8.9
ORD1311;7/11/2024;C;Guadalajara;New;Female;TV;1007.44;1;Ewallet;1007.44;756.46;250.98;24.91;9
ORD1312;8/11/2024;C;Guadalajara;Returning;Female;Audio;1158.34;1;Ewallet;1158.34;869.77;288.57;24.91;6
ORD1313;9/11/2024;B;Monterrey;New;Male;Accessories;434.32;3;Cash;1302.96;978.36;324.6;24.91;8.2
ORD1314;10/11/2024;C;Mexico City;New;Female;Laptop;80.37;4;NA;321.48;241.39;80.09;24.91;8.6
ORD1315;11/11/2024;B;Mexico City;Returning;NA;TV;169.15;2;Cash;338.3;254.02;84.28;24.91;7.9
ORD1316;12/11/2024;B;Monterrey;New;Male;Audio;1453.4;1;Ewallet;1453.4;1091.32;362.08;24.91;4.9
ORD1317;13/11/2024;B;Monterrey;New;Male;Smartphone;478.39;3;Cash;1435.17;1077.63;357.54;24.91;9.3
ORD1318;14/11/2024;B;Monterrey;Returning;Male;Audio;1165.37;3;Ewallet;NA;2625.14;870.97;NA;7.2
ORD1319;15/11/2024;B;Monterrey;New;Female;Audio;955.76;2;Credit Card;1911.52;1435.31;476.21;24.91;5.7
ORD1320;16/11/2024;A;Mexico City;New;Female;Accessories;603.81;2;Ewallet;1207.62;906.77;300.85;24.91;6.6
ORD1321;17/11/2024;C;Mexico City;Returning;Male;Laptop;348.25;3;Ewallet;1044.75;784.47;260.28;24.91;4.2
ORD1322;18/11/2024;B;Guadalajara;Returning;Female;Smartphone;226.01;1;Cash;226.01;169.7;56.31;24.91;NA
ORD1323;19/11/2024;C;Guadalajara;New;Male;Gaming;941.77;3;Cash;2825.31;2121.45;703.86;24.91;8.6
ORD1324;20/11/2024;C;Monterrey;New;Female;Gaming;1173.22;4;Ewallet;4692.88;3523.76;1169.12;24.91;4
ORD1325;21/11/2024;B;Monterrey;Returning;Female;Audio;983.66;NA;Credit Card;3934.64;2954.42;980.22;24.91;6.5
ORD1326;22/11/2024;A;Monterrey;Returning;Male;Accessories;818.94;2;Credit Card;1637.88;1229.84;408.04;24.91;7.1
ORD1327;23/11/2024;B;Guadalajara;NA;Female;Accessories;110.83;1;Cash;110.83;83.22;27.61;24.91;4.3
ORD1328;24/11/2024;A;Guadalajara;Returning;Male;Gaming;1454.31;1;Credit Card;1454.31;1092;362.31;24.91;9.8
ORD1329;25/11/2024;C;Guadalajara;NA;Female;Smartphone;NA;4;Ewallet;4832.56;3628.64;NA;24.91;5.4
ORD1330;26/11/2024;A;Guadalajara;New;Male;Laptop;474.59;NA;Cash;1423.77;1069.07;354.7;24.91;5.8
ORD1331;27/11/2024;A;Guadalajara;NA;Male;Smartphone;1470.96;2;Ewallet;2941.92;2209.01;732.91;24.91;5.8
ORD1332;28/11/2024;A;Guadalajara;New;Female;TV;922.73;3;Cash;2768.19;2078.56;689.63;24.91;5.4
ORD1333;29/11/2024;C;Guadalajara;New;Female;TV;894.51;3;Cash;2683.53;2014.99;668.54;24.91;4
ORD1334;30/11/2024;C;Monterrey;Returning;Male;Laptop;NA;NA;Cash;3404.13;2556.07;848.06;24.91;8.4
ORD1335;1/12/2024;A;Monterrey;Returning;Female;Gaming;1227.07;1;Cash;1227.07;921.37;305.7;24.91;9.8
ORD1336;2/12/2024;A;Monterrey;Returning;Female;Laptop;1001.89;4;Credit Card;4007.56;3009.17;NA;24.91;5.3
ORD1337;3/12/2024;B;Monterrey;Returning;Male;Accessories;235.74;1;Ewallet;235.74;177.01;58.73;24.91;8
ORD1338;4/12/2024;A;Guadalajara;New;Male;TV;540.49;NA;Ewallet;2161.96;1623.36;538.6;24.91;8.5
ORD1339;5/12/2024;B;Mexico City;New;Female;Audio;1395.72;2;Ewallet;2791.44;2096.02;695.42;24.91;9.1
ORD1340;6/12/2024;A;Guadalajara;New;Male;Audio;375.69;2;Cash;751.38;564.19;187.19;24.91;6.5
ORD1341;7/12/2024;B;Mexico City;New;Male;Gaming;589.64;3;Credit Card;1768.92;1328.23;440.69;24.91;5.8
ORD1342;8/12/2024;C;Monterrey;Returning;Male;Accessories;676.51;4;Ewallet;2706.04;2031.89;674.15;24.91;NA
ORD1343;9/12/2024;A;Guadalajara;New;Female;Smartphone;687.14;4;NA;2748.56;2063.82;684.74;24.91;8.3
ORD1344;10/12/2024;A;Monterrey;New;Female;Accessories;938.76;4;Cash;3755.04;2819.56;935.48;24.91;8.9
ORD1345;11/12/2024;A;Guadalajara;Returning;Male;Audio;1417.46;3;Ewallet;4252.38;NA;1059.38;24.91;5.1
ORD1346;12/12/2024;A;Monterrey;Returning;NA;Audio;399;3;Credit Card;1197;898.8;NA;24.91;6.2
ORD1347;13/12/2024;B;Mexico City;Returning;Male;TV;226.18;2;Cash;452.36;339.67;112.69;24.91;NA
ORD1348;14/12/2024;A;Mexico City;Returning;Female;Accessories;336.33;1;NA;336.33;252.54;NA;NA;8.8
ORD1349;15/12/2024;C;Mexico City;New;Male;Accessories;1336.04;NA;Ewallet;5344.16;4012.79;1331.37;24.91;9.9
ORD1350;16/12/2024;C;Guadalajara;New;Male;Audio;986.43;4;Ewallet;3945.72;2962.74;982.98;24.91;8.5
ORD1351;17/12/2024;A;Mexico City;Returning;Female;Smartphone;464.56;1;Cash;464.56;348.83;115.73;24.91;6.4
ORD1352;18/12/2024;C;Guadalajara;New;NA;Gaming;1233.12;4;Cash;4932.48;3703.67;1228.81;24.91;7.5
ORD1353;19/12/2024;A;Mexico City;New;Female;Gaming;1298.99;3;Cash;3896.97;2926.13;970.84;24.91;8
ORD1354;20/12/2024;A;Mexico City;New;Female;Accessories;1277.45;3;Credit Card;3832.35;2877.61;954.74;24.91;4.5
ORD1355;21/12/2024;C;Guadalajara;Returning;Male;Gaming;1382.44;4;Credit Card;5529.76;4152.15;1377.61;24.91;7.3
ORD1356;22/12/2024;A;Guadalajara;New;Male;Audio;415.75;3;Credit Card;1247.25;936.53;310.72;24.91;8.3
ORD1357;23/12/2024;C;Mexico City;Returning;Female;Audio;1144.81;3;Cash;3434.43;2578.82;855.61;24.91;5
ORD1358;24/12/2024;B;Guadalajara;NA;Male;Accessories;717.78;4;Ewallet;2871.12;2155.85;715.27;24.91;8.7
ORD1359;25/12/2024;A;Mexico City;New;Male;Accessories;1270.9;2;NA;2541.8;1908.57;633.23;24.91;7.5
ORD1360;26/12/2024;B;Guadalajara;New;Male;TV;1106.31;1;Credit Card;1106.31;830.7;275.61;NA;9.7
ORD1361;27/12/2024;C;Monterrey;Returning;Male;Accessories;NA;3;Credit Card;3527.55;2648.74;878.81;24.91;NA
ORD1362;28/12/2024;B;Monterrey;New;Male;Smartphone;1001.43;2;Ewallet;2002.86;NA;498.97;24.91;5.6
ORD1363;29/12/2024;B;Monterrey;Returning;Female;Gaming;307.27;3;NA;921.81;692.16;229.65;24.91;7.6
ORD1364;30/12/2024;C;Monterrey;Returning;Female;Accessories;840.29;3;NA;2520.87;1892.85;628.02;24.91;5.8
ORD1365;31/12/2024;B;Monterrey;Returning;Male;Laptop;1477.77;1;Credit Card;1477.77;1109.62;NA;24.91;8.3
ORD1366;1/01/2025;B;Mexico City;New;Male;TV;1409.21;3;NA;4227.63;3174.41;1053.22;24.91;8.6
ORD1367;2/01/2025;C;Monterrey;New;Male;NA;112.6;1;Cash;112.6;84.55;28.05;24.91;NA
ORD1368;3/01/2025;B;Monterrey;New;Female;Audio;288.98;1;Credit Card;288.98;216.99;NA;24.91;7.1
ORD1369;4/01/2025;C;Monterrey;New;Male;Gaming;241.01;1;Ewallet;241.01;180.97;60.04;24.91;7.1
ORD1370;5/01/2025;B;Monterrey;Returning;Female;Accessories;1102.67;2;Ewallet;2205.34;1655.93;549.41;24.91;6.2
ORD1371;6/01/2025;C;Guadalajara;Returning;Female;Laptop;1235.79;4;Ewallet;4943.16;3711.69;1231.47;24.91;9.6
ORD1372;7/01/2025;C;Mexico City;NA;Female;Gaming;359.59;2;Ewallet;719.18;540.01;179.17;24.91;9
ORD1373;8/01/2025;B;Monterrey;New;Male;NA;783.49;4;Cash;3133.96;2353.21;780.75;24.91;NA
ORD1374;9/01/2025;B;Monterrey;Returning;Female;Smartphone;1269.02;4;Ewallet;5076.08;3811.49;1264.59;24.91;8.3
ORD1375;10/01/2025;B;Monterrey;New;Male;TV;1112.56;1;Credit Card;1112.56;835.39;277.17;24.91;6.8
ORD1376;11/01/2025;A;Mexico City;Returning;Female;Gaming;836.24;3;Cash;2508.72;1883.73;624.99;24.91;NA
ORD1377;12/01/2025;A;Guadalajara;New;Male;Gaming;NA;1;Ewallet;906;680.29;225.71;24.91;8.2
ORD1378;13/01/2025;A;Mexico City;New;Female;Smartphone;787.12;3;Cash;2361.36;1773.08;588.28;24.91;8.4
ORD1379;14/01/2025;C;Guadalajara;Returning;Male;Gaming;481.45;4;Credit Card;1925.8;1446.03;479.77;24.91;9.2
ORD1380;15/01/2025;B;Monterrey;Returning;Female;Audio;869.28;1;Ewallet;NA;652.72;216.56;24.91;5.6
ORD1381;16/01/2025;C;Monterrey;Returning;Male;Audio;1048.88;3;Credit Card;3146.64;2362.73;783.91;24.91;8.8
ORD1382;17/01/2025;A;Mexico City;Returning;Male;NA;1316.32;2;Ewallet;2632.64;1976.78;655.86;24.91;5.2
ORD1383;18/01/2025;B;Mexico City;New;Male;TV;972.62;3;Ewallet;2917.86;2190.94;726.92;24.91;6.1
ORD1384;19/01/2025;C;Guadalajara;Returning;Male;Accessories;1153.63;1;Ewallet;1153.63;866.23;287.4;24.91;6
ORD1385;20/01/2025;B;Guadalajara;Returning;Female;Laptop;282.1;2;Ewallet;564.2;423.64;140.56;NA;9.9
ORD1386;21/01/2025;C;Mexico City;Returning;Female;Accessories;719.26;3;Ewallet;2157.78;1620.22;537.56;24.91;9.1
ORD1387;22/01/2025;B;Guadalajara;New;Male;Gaming;63.53;3;Cash;190.59;143.11;47.48;24.91;8.2
ORD1388;23/01/2025;A;Mexico City;New;Female;Laptop;407.68;3;Ewallet;1223.04;918.35;304.69;24.91;8.4
ORD1389;24/01/2025;A;Guadalajara;Returning;Male;Smartphone;1103.37;3;Ewallet;3310.11;2485.47;NA;24.91;7.4
ORD1390;25/01/2025;B;Mexico City;New;Male;Smartphone;1488.12;NA;Cash;NA;NA;1112.19;24.91;9.7
ORD1391;26/01/2025;C;Mexico City;Returning;Female;TV;193.81;2;NA;387.62;291.05;96.57;24.91;7
ORD1392;27/01/2025;A;Mexico City;NA;Male;Laptop;632.17;4;Cash;2528.68;1898.72;629.96;24.91;6.3
ORD1393;28/01/2025;A;Guadalajara;New;Male;Audio;1210.1;2;Cash;2420.2;1817.26;602.94;24.91;5
ORD1394;29/01/2025;A;Guadalajara;New;Female;Laptop;345.85;2;Cash;691.7;519.38;172.32;24.91;8.7
ORD1395;30/01/2025;B;Guadalajara;New;Male;NA;854.87;2;Cash;1709.74;1283.8;425.94;24.91;8.4
ORD1396;31/01/2025;B;Mexico City;Returning;Male;Audio;1112.95;4;Ewallet;4451.8;3342.74;1109.06;24.91;6.3
ORD1397;1/02/2025;C;Guadalajara;Returning;Male;Smartphone;NA;1;Ewallet;NA;708.21;234.97;24.91;4.2
ORD1398;2/02/2025;C;Guadalajara;Returning;Male;Laptop;322.64;4;Credit Card;1290.56;969.05;321.51;24.91;9
ORD1399;3/02/2025;C;Mexico City;New;Female;Accessories;565.31;2;Ewallet;1130.62;848.95;281.67;24.91;4.1
ORD1400;4/02/2025;B;Monterrey;Returning;Female;TV;1186.5;3;Ewallet;3559.5;2672.73;886.77;NA;8.2
ORD1401;5/02/2025;B;Mexico City;Returning;Female;Accessories;853.63;3;Cash;2560.89;1922.9;637.99;24.91;9.8
ORD1402;6/02/2025;C;Guadalajara;Returning;Male;TV;57.58;2;Cash;115.16;86.47;28.69;24.91;6.6
ORD1403;7/02/2025;C;Mexico City;New;Male;Gaming;1153.44;3;Ewallet;3460.32;2598.26;862.06;24.91;5.4
ORD1404;8/02/2025;B;Monterrey;New;Female;Accessories;101.2;2;Credit Card;202.4;151.98;50.42;24.91;8.2
ORD1405;9/02/2025;C;Mexico City;New;Male;Laptop;1131.31;3;Cash;3393.93;2548.41;845.52;24.91;8.9
ORD1406;10/02/2025;A;Guadalajara;Returning;Male;Laptop;343.6;4;Ewallet;1374.4;NA;342.4;24.91;7.3
ORD1407;11/02/2025;B;Monterrey;Returning;Male;Accessories;1439.21;1;Ewallet;1439.21;NA;358.55;24.91;9.8
ORD1408;12/02/2025;C;Guadalajara;Returning;Male;NA;583.51;1;Credit Card;583.51;NA;145.37;24.91;4.3
ORD1409;13/02/2025;B;Monterrey;New;Female;Gaming;524.05;4;Credit Card;2096.2;1573.98;522.22;24.91;7
ORD1410;14/02/2025;A;Monterrey;NA;Female;Audio;265.89;4;Cash;1063.56;798.6;264.96;24.91;8.3
ORD1411;15/02/2025;B;Mexico City;Returning;Female;Gaming;493.13;2;Credit Card;986.26;740.56;245.7;24.91;9.2
ORD1412;16/02/2025;B;Mexico City;New;Male;TV;1321.14;2;Ewallet;2642.28;NA;658.26;24.91;5.1
ORD1413;17/02/2025;B;Guadalajara;New;Female;Gaming;1494.68;2;Ewallet;2989.36;2244.63;744.73;24.91;8.8
ORD1414;18/02/2025;B;Mexico City;New;Female;TV;584.05;3;Credit Card;1752.15;1315.64;436.51;NA;7.3
ORD1415;19/02/2025;A;Mexico City;New;Male;NA;700.49;2;Credit Card;1400.98;1051.96;349.02;24.91;6.4
ORD1416;20/02/2025;B;Monterrey;Returning;Male;Audio;1097;4;Credit Card;4388;3294.83;1093.17;24.91;4.8
ORD1417;21/02/2025;B;Mexico City;New;Female;Laptop;1334.98;1;Credit Card;1334.98;1002.4;332.58;24.91;9.2
ORD1418;22/02/2025;C;Monterrey;New;Female;Smartphone;NA;3;Cash;2729.73;2049.68;680.05;24.91;4.9
ORD1419;23/02/2025;B;Monterrey;NA;Female;Laptop;617.71;NA;Credit Card;1235.42;927.64;307.78;24.91;5.9
ORD1420;24/02/2025;C;Monterrey;New;Female;TV;648.3;3;Cash;1944.9;1460.37;NA;24.91;5.7
ORD1421;25/02/2025;A;Guadalajara;Returning;Male;Laptop;1058.65;3;Ewallet;3175.95;2384.74;791.21;24.91;NA
ORD1422;26/02/2025;A;Guadalajara;Returning;Female;Laptop;54.67;2;Credit Card;109.34;82.1;27.24;24.91;8
ORD1423;27/02/2025;A;Guadalajara;New;Female;NA;948.4;3;Cash;NA;2136.38;708.82;24.91;8.8
ORD1424;28/02/2025;A;Monterrey;NA;Male;Laptop;565.46;1;Credit Card;565.46;424.59;140.87;24.91;5.5
ORD1425;1/03/2025;C;Guadalajara;NA;Female;Audio;1201.59;NA;Ewallet;4806.36;3608.97;1197.39;24.91;NA
ORD1426;2/03/2025;B;Guadalajara;New;Male;Accessories;184.84;4;Ewallet;739.36;555.17;184.19;24.91;7.4
ORD1427;3/03/2025;A;Mexico City;New;Male;Smartphone;902.89;1;Ewallet;NA;677.96;224.93;24.91;9
ORD1428;4/03/2025;B;Guadalajara;New;Male;Audio;747.41;3;Credit Card;NA;1683.63;558.6;NA;9.4
ORD1429;5/03/2025;C;Guadalajara;Returning;Female;TV;981.37;2;Credit Card;NA;1473.77;488.97;24.91;4.1
ORD1430;6/03/2025;C;Monterrey;New;NA;Accessories;144.04;3;Cash;432.12;324.47;107.65;24.91;8
ORD1431;7/03/2025;C;Monterrey;Returning;Male;Audio;890.98;1;NA;890.98;669.01;221.97;24.91;4.3
ORD1432;8/03/2025;A;Monterrey;Returning;Female;Audio;864.15;3;Credit Card;2592.45;1946.6;645.85;24.91;7.3
ORD1433;9/03/2025;B;Monterrey;New;Female;Smartphone;862.96;4;Ewallet;3451.84;2591.89;859.95;24.91;5.7
ORD1434;10/03/2025;B;Monterrey;Returning;Male;TV;925.06;3;Ewallet;2775.18;2083.81;691.37;24.91;5.8
ORD1435;11/03/2025;B;Monterrey;Returning;Male;Gaming;1030.88;1;Cash;1030.88;774.06;256.82;24.91;6.1
ORD1436;12/03/2025;C;Guadalajara;Returning;Female;Gaming;1217.23;4;Cash;4868.92;3655.94;1212.98;24.91;7.7
ORD1437;13/03/2025;A;Monterrey;Returning;Male;Audio;441.24;3;Cash;1323.72;993.95;329.77;24.91;6
ORD1438;14/03/2025;C;Monterrey;Returning;Female;Laptop;1246.32;3;NA;3738.96;2807.49;931.47;24.91;8.4
ORD1439;15/03/2025;C;Mexico City;Returning;Female;TV;772.47;4;Ewallet;3089.88;2320.11;769.77;24.91;6.4
ORD1440;16/03/2025;B;Guadalajara;New;Female;Accessories;161.73;2;Cash;323.46;242.88;80.58;24.91;NA
ORD1441;17/03/2025;C;Guadalajara;Returning;Female;Laptop;134.9;4;Cash;539.6;405.17;134.43;24.91;8.7
ORD1442;18/03/2025;B;Guadalajara;Returning;Male;Laptop;534.65;2;Cash;1069.3;802.91;266.39;24.91;5.7
ORD1443;19/03/2025;A;Monterrey;NA;Male;TV;1188.1;1;Cash;1188.1;892.11;NA;24.91;6.6
ORD1444;20/03/2025;B;Monterrey;New;Male;Audio;1076.14;1;Ewallet;1076.14;808.04;268.1;NA;NA
ORD1445;21/03/2025;A;Monterrey;Returning;Male;Audio;NA;4;Cash;4773.96;3584.64;1189.32;24.91;6
ORD1446;22/03/2025;B;Mexico City;New;Female;Audio;800.04;4;Ewallet;3200.16;2402.91;797.25;NA;4.3
ORD1447;23/03/2025;C;Monterrey;Returning;Female;Audio;688.29;1;Credit Card;688.29;516.82;NA;24.91;6.2
ORD1448;24/03/2025;C;Mexico City;New;Male;Gaming;263.81;2;Ewallet;527.62;396.18;131.44;24.91;9.7
ORD1449;25/03/2025;A;Guadalajara;New;Female;Audio;525.88;1;Ewallet;525.88;394.87;131.01;24.91;NA
ORD1450;26/03/2025;A;Monterrey;Returning;Female;Gaming;679.33;4;Cash;2717.32;2040.36;676.96;24.91;NA
ORD1451;27/03/2025;A;Mexico City;Returning;Female;Gaming;178.47;1;Credit Card;178.47;134.01;44.46;24.91;7.8
ORD1452;28/03/2025;B;Mexico City;New;Male;Audio;369.89;4;Credit Card;1479.56;1110.96;368.6;24.91;5.2
ORD1453;29/03/2025;B;Monterrey;Returning;Male;Smartphone;917.43;4;Credit Card;3669.72;2755.49;914.23;24.91;6.5
ORD1454;30/03/2025;A;Guadalajara;New;Male;Accessories;1116.71;1;Credit Card;1116.71;838.51;278.2;24.91;8.5
ORD1455;31/03/2025;C;Guadalajara;New;NA;Laptop;1497.6;2;Ewallet;2995.2;2249.02;746.18;24.91;4.6
ORD1456;1/04/2025;B;Guadalajara;New;Male;Gaming;1403.01;3;Credit Card;4209.03;NA;1048.58;24.91;5.7
ORD1457;2/04/2025;B;Mexico City;New;Male;TV;981.72;1;Ewallet;NA;737.15;244.57;24.91;5.7
ORD1458;3/04/2025;B;Mexico City;New;Male;TV;660.81;3;NA;1982.43;1488.55;493.88;24.91;6.6
ORD1459;4/04/2025;A;Mexico City;Returning;Male;Accessories;NA;1;Ewallet;972.46;730.19;242.27;24.91;9.9
ORD1460;5/04/2025;A;Mexico City;New;Male;TV;1189.19;3;Credit Card;3567.57;2678.79;888.78;24.91;4.4
ORD1461;6/04/2025;A;Guadalajara;New;Male;Smartphone;221.59;2;Cash;443.18;332.77;110.41;24.91;7.1
ORD1462;7/04/2025;A;Monterrey;Returning;NA;TV;644.36;NA;Cash;1288.72;967.67;321.05;24.91;NA
ORD1463;8/04/2025;A;Mexico City;New;Female;Laptop;1267.71;1;Credit Card;1267.71;951.89;315.82;24.91;9.8
ORD1464;9/04/2025;C;Mexico City;Returning;Male;Laptop;606.56;4;Cash;2426.24;1821.8;604.44;24.91;4.7
ORD1465;10/04/2025;C;Guadalajara;Returning;Male;Gaming;879.21;3;Cash;NA;1980.53;657.1;24.91;NA
ORD1466;11/04/2025;A;Monterrey;Returning;Female;Audio;902.27;4;Ewallet;3609.08;2709.96;899.12;24.91;8.4
ORD1467;12/04/2025;B;Monterrey;New;Female;Smartphone;317.49;4;Ewallet;1269.96;NA;316.38;NA;8.2
ORD1468;13/04/2025;A;Guadalajara;New;Male;Gaming;575.24;4;Credit Card;2300.96;1727.73;NA;24.91;6.5
ORD1469;14/04/2025;C;Guadalajara;New;Male;Smartphone;535.04;2;Credit Card;1070.08;803.49;266.59;24.91;6.1
ORD1470;15/04/2025;C;Monterrey;Returning;Male;NA;87.99;NA;Cash;NA;66.07;21.92;24.91;6.4
ORD1471;16/04/2025;B;Mexico City;New;Male;TV;85.08;1;Ewallet;85.08;63.88;21.2;24.92;5.6
ORD1472;17/04/2025;C;Monterrey;Returning;Female;TV;1255.96;2;NA;NA;1886.13;625.79;24.91;5.2
ORD1473;18/04/2025;A;Guadalajara;New;Male;Audio;445.95;2;Credit Card;891.9;669.7;222.2;24.91;6.9
ORD1474;19/04/2025;B;Mexico City;Returning;Male;Gaming;801.21;1;Credit Card;801.21;601.61;199.6;24.91;NA
ORD1475;20/04/2025;A;Mexico City;NA;Male;Audio;483.15;4;Credit Card;1932.6;1451.14;481.46;NA;5.7
ORD1476;21/04/2025;A;Guadalajara;New;Male;Accessories;NA;NA;Credit Card;4241.94;3185.16;1056.78;24.91;NA
ORD1477;22/04/2025;B;Guadalajara;NA;Female;Laptop;425.98;3;Credit Card;1277.94;959.57;318.37;24.91;9.8
ORD1478;23/04/2025;A;Guadalajara;Returning;Female;Gaming;673;3;Cash;2019;1516.01;502.99;24.91;7.6
ORD1479;24/04/2025;C;Monterrey;Returning;Female;Smartphone;NA;4;Ewallet;5261.84;3950.98;1310.86;NA;4.5
ORD1480;25/04/2025;A;Monterrey;New;Male;Accessories;1270.8;1;Ewallet;1270.8;954.21;316.59;24.91;NA
ORD1481;26/04/2025;B;Mexico City;New;Male;Gaming;319.85;2;Credit Card;639.7;480.33;159.37;24.91;9.7
ORD1482;27/04/2025;B;Guadalajara;Returning;Female;Audio;NA;1;Ewallet;1213.83;911.43;302.4;24.91;NA
ORD1483;28/04/2025;B;Mexico City;Returning;Male;Audio;714.37;4;Ewallet;2857.48;2145.61;711.87;24.91;4.6
ORD1484;29/04/2025;A;Mexico City;Returning;Male;Audio;750.3;2;Ewallet;1500.6;1126.76;373.84;NA;7.6
ORD1485;30/04/2025;B;Mexico City;New;Female;Audio;243.55;4;Credit Card;974.2;731.5;242.7;24.91;NA
ORD1486;1/05/2025;B;Mexico City;Returning;Female;Smartphone;166.87;3;Credit Card;500.61;375.89;124.72;24.91;7.9
ORD1487;2/05/2025;A;Guadalajara;New;Female;Accessories;1105.51;3;Ewallet;3316.53;2490.29;826.24;24.91;5.6
ORD1488;3/05/2025;C;Mexico City;Returning;Female;TV;769.87;4;Ewallet;3079.48;2312.3;767.18;NA;4.1
ORD1489;4/05/2025;A;Guadalajara;New;Male;Laptop;683.43;2;Credit Card;1366.86;1026.34;340.52;24.91;9.8
ORD1490;5/05/2025;B;Guadalajara;Returning;Male;Smartphone;1107.79;2;Cash;2215.58;1663.62;551.96;24.91;5.5
ORD1491;6/05/2025;B;Monterrey;Returning;Female;Smartphone;1159.99;1;Ewallet;1159.99;871.01;288.98;24.91;8.1
ORD1492;7/05/2025;A;Guadalajara;Returning;Male;TV;280.42;NA;Cash;841.26;631.68;209.58;24.91;8.2
ORD1493;8/05/2025;C;Monterrey;Returning;Female;TV;934.83;1;Ewallet;934.83;701.94;232.89;24.91;7.7
ORD1494;9/05/2025;B;Guadalajara;Returning;Female;Laptop;246.26;1;Cash;NA;184.91;61.35;24.91;5.9
ORD1495;10/05/2025;B;Guadalajara;New;Male;Laptop;1139.49;4;Cash;4557.96;3422.45;1135.51;24.91;5.6
ORD1496;11/05/2025;B;Guadalajara;Returning;Female;TV;1002.58;NA;Cash;4010.32;3011.24;999.08;24.91;7.6
ORD1497;12/05/2025;A;Monterrey;Returning;Male;Audio;1437.09;1;Credit Card;1437.09;1079.07;358.02;24.91;NA
ORD1498;13/05/2025;B;Monterrey;Returning;Male;NA;149.99;3;Cash;449.97;337.87;112.1;24.91;9.7
ORD1499;14/05/2025;C;Mexico City;New;Male;Gaming;132.73;4;Cash;530.92;398.65;132.27;24.91;4.6
